id,title,description,link,image_link,price,availability,condition,brand,google_product_category,product_type
base-153478033,DIY 木材 無垢 クラフト材｜ホオノキ ホオ 朴 700mm×235~263mm×32mm,ホオノキ ホオ 朴の一枚板 700mm×235~263mm×32mm。新潟の山から自社で伐採・製材・乾燥した天然木を直販。ご希望サイズへの1カット無料・厚み調整無料。写真の現物1点をお届けします。,https://junshin.base.ec/items/153478033?utm_source=pinterest&utm_medium=catalog&utm_campaign=diy,https://base-ec2.akamaized.net/images/item/origin/358c896506c92b684a4b0311a3a0a723.jpg,4070 JPY,in stock,new,Junshin -潤森-,Hardware > Building Materials > Lumber & Sheet Stock,DIY・クラフト材
base-153478133,DIY 木材 無垢 クラフト材｜サクラ ヤマザクラ 山桜 チェリー 700mm×225mm×33mm,サクラ ヤマザクラ 山桜 チェリーの一枚板 700mm×225mm×33mm。新潟の山から自社で伐採・製材・乾燥した天然木を直販。ご希望サイズへの1カット無料・厚み調整無料。写真の現物1点をお届けします。,https://junshin.base.ec/items/153478133?utm_source=pinterest&utm_medium=catalog&utm_campaign=diy,https://base-ec2.akamaized.net/images/item/origin/9aba5abf8d6f2ffe6401a521f52b7f57.jpg,4070 JPY,in stock,new,Junshin -潤森-,Hardware > Building Materials > Lumber & Sheet Stock,DIY・クラフト材
base-153478188,まな板 木製 一枚板｜サクラ ヤマザクラ 山桜 チェリー 450mm×235~240mm×32mm,サクラ ヤマザクラ 山桜 チェリーの一枚板 450mm×235~240mm×32mm。新潟の山から自社で伐採・製材・乾燥した天然木を直販。ご希望サイズへの1カット無料・厚み調整無料。写真の現物1点をお届けします。,https://junshin.base.ec/items/153478188?utm_source=pinterest&utm_medium=catalog&utm_campaign=manaita,https://base-ec2.akamaized.net/images/item/origin/25a9f82846248c1151ae712cc05e77ac.jpg,2970 JPY,in stock,new,Junshin -潤森-,Hardware > Building Materials > Lumber & Sheet Stock,まな板材
base-153478240,DIY 木材 無垢 クラフト材｜サクラ ヤマザクラ 山桜 チェリー 757mm×276~284mm×29mm,サクラ ヤマザクラ 山桜 チェリーの一枚板 757mm×276~284mm×29mm。新潟の山から自社で伐採・製材・乾燥した天然木を直販。ご希望サイズへの1カット無料・厚み調整無料。写真の現物1点をお届けします。,https://junshin.base.ec/items/153478240?utm_source=pinterest&utm_medium=catalog&utm_campaign=diy,https://base-ec2.akamaized.net/images/item/origin/8071f31472bc7a02585fc6901fac16b4.jpg,4620 JPY,in stock,new,Junshin -潤森-,Hardware > Building Materials > Lumber & Sheet Stock,DIY・クラフト材
base-153478302,まな板 木製 一枚板｜サクラ ヤマザクラ 山桜 チェリー 500mm×205~225mm×35mm,サクラ ヤマザクラ 山桜 チェリーの一枚板 500mm×205~225mm×35mm。新潟の山から自社で伐採・製材・乾燥した天然木を直販。ご希望サイズへの1カット無料・厚み調整無料。写真の現物1点をお届けします。,https://junshin.base.ec/items/153478302?utm_source=pinterest&utm_medium=catalog&utm_campaign=manaita,https://base-ec2.akamaized.net/images/item/origin/fa9f6f10e9420cd248bf767c7450341f.jpg,3190 JPY,in stock,new,Junshin -潤森-,Hardware > Building Materials > Lumber & Sheet Stock,まな板材
base-153478359,DIY 木材 無垢 クラフト材｜ホオノキ ホオ 朴 700mm×260~265mm×34mm,ホオノキ ホオ 朴の一枚板 700mm×260~265mm×34mm。新潟の山から自社で伐採・製材・乾燥した天然木を直販。ご希望サイズへの1カット無料・厚み調整無料。写真の現物1点をお届けします。,https://junshin.base.ec/items/153478359?utm_source=pinterest&utm_medium=catalog&utm_campaign=diy,https://base-ec2.akamaized.net/images/item/origin/74189d409e62f6fdeee4e029636deb2f.jpg,4400 JPY,in stock,new,Junshin -潤森-,Hardware > Building Materials > Lumber & Sheet Stock,DIY・クラフト材
base-153478468,まな板 木製 一枚板｜サクラ ヤマザクラ 山桜 チェリー 600mm×282mm×34mm,サクラ ヤマザクラ 山桜 チェリーの一枚板 600mm×282mm×34mm。新潟の山から自社で伐採・製材・乾燥した天然木を直販。ご希望サイズへの1カット無料・厚み調整無料。写真の現物1点をお届けします。,https://junshin.base.ec/items/153478468?utm_source=pinterest&utm_medium=catalog&utm_campaign=manaita,https://base-ec2.akamaized.net/images/item/origin/92535631e714622d5ad6f921cea288af.jpg,4180 JPY,in stock,new,Junshin -潤森-,Hardware > Building Materials > Lumber & Sheet Stock,まな板材
base-153478520,まな板 木製 一枚板｜シナ シナノキ バスウッド 600mm×352~355mm×24mm,シナ シナノキ バスウッドの一枚板 600mm×352~355mm×24mm。新潟の山から自社で伐採・製材・乾燥した天然木を直販。ご希望サイズへの1カット無料・厚み調整無料。写真の現物1点をお届けします。,https://junshin.base.ec/items/153478520?utm_source=pinterest&utm_medium=catalog&utm_campaign=manaita,https://base-ec2.akamaized.net/images/item/origin/2473fc56dae0b0c81a455388f944d833.jpg,3100 JPY,in stock,new,Junshin -潤森-,Hardware > Building Materials > Lumber & Sheet Stock,まな板材
base-153478710,DIY 木材 無垢 クラフト材｜サクラ ヤマザクラ 山桜 チェリー 645mm×258mm×31mm,サクラ ヤマザクラ 山桜 チェリーの一枚板 645mm×258mm×31mm。新潟の山から自社で伐採・製材・乾燥した天然木を直販。ご希望サイズへの1カット無料・厚み調整無料。写真の現物1点をお届けします。,https://junshin.base.ec/items/153478710?utm_source=pinterest&utm_medium=catalog&utm_campaign=diy,https://base-ec2.akamaized.net/images/item/origin/de41e57431b2bcfe2f90afaca77aa188.jpg,4070 JPY,in stock,new,Junshin -潤森-,Hardware > Building Materials > Lumber & Sheet Stock,DIY・クラフト材
base-153478798,DIY 木材 無垢 クラフト材｜サクラ ヤマザクラ 山桜 チェリー 700mm×235mm×32mm,サクラ ヤマザクラ 山桜 チェリーの一枚板 700mm×235mm×32mm。新潟の山から自社で伐採・製材・乾燥した天然木を直販。ご希望サイズへの1カット無料・厚み調整無料。写真の現物1点をお届けします。,https://junshin.base.ec/items/153478798?utm_source=pinterest&utm_medium=catalog&utm_campaign=diy,https://base-ec2.akamaized.net/images/item/origin/f3f46e2bfda80a16ea05a9f7ae318917.jpg,4070 JPY,in stock,new,Junshin -潤森-,Hardware > Building Materials > Lumber & Sheet Stock,DIY・クラフト材
base-153478944,DIY 木材 無垢 クラフト材｜サクラ ヤマザクラ 山桜 チェリー 700mm×220mm×32mm,サクラ ヤマザクラ 山桜 チェリーの一枚板 700mm×220mm×32mm。新潟の山から自社で伐採・製材・乾燥した天然木を直販。ご希望サイズへの1カット無料・厚み調整無料。写真の現物1点をお届けします。,https://junshin.base.ec/items/153478944?utm_source=pinterest&utm_medium=catalog&utm_campaign=diy,https://base-ec2.akamaized.net/images/item/origin/e4259983a113f834ddc84142ed75d1c4.jpg,3960 JPY,in stock,new,Junshin -潤森-,Hardware > Building Materials > Lumber & Sheet Stock,DIY・クラフト材
base-153479229,DIY 木材 無垢 クラフト材｜クルミ オニグルミ 鬼胡桃 ウォールナット 746mm×243~280mm×34mm,クルミ オニグルミ 鬼胡桃 ウォールナットの一枚板 746mm×243~280mm×34mm。新潟の山から自社で伐採・製材・乾燥した天然木を直販。ご希望サイズへの1カット無料・厚み調整無料。写真の現物1点をお届けします。,https://junshin.base.ec/items/153479229?utm_source=pinterest&utm_medium=catalog&utm_campaign=diy,https://base-ec2.akamaized.net/images/item/origin/9e9891d92d385f393ea1a9ccf9dcf4f1.jpg,4950 JPY,in stock,new,Junshin -潤森-,Hardware > Building Materials > Lumber & Sheet Stock,DIY・クラフト材
base-153479374,DIY 木材 無垢 クラフト材｜サクラ ヤマザクラ 山桜 チェリー 700mm×288mm×38mm,サクラ ヤマザクラ 山桜 チェリーの一枚板 700mm×288mm×38mm。新潟の山から自社で伐採・製材・乾燥した天然木を直販。ご希望サイズへの1カット無料・厚み調整無料。写真の現物1点をお届けします。,https://junshin.base.ec/items/153479374?utm_source=pinterest&utm_medium=catalog&utm_campaign=diy,https://base-ec2.akamaized.net/images/item/origin/331d1373bad11193eb3831d08525f66c.jpg,4650 JPY,in stock,new,Junshin -潤森-,Hardware > Building Materials > Lumber & Sheet Stock,DIY・クラフト材
base-153479443,まな板 木製 一枚板｜ホオノキ ホオ 朴 550mm×264mm×31mm,ホオノキ ホオ 朴の一枚板 550mm×264mm×31mm。新潟の山から自社で伐採・製材・乾燥した天然木を直販。ご希望サイズへの1カット無料・厚み調整無料。写真の現物1点をお届けします。,https://junshin.base.ec/items/153479443?utm_source=pinterest&utm_medium=catalog&utm_campaign=manaita,https://base-ec2.akamaized.net/images/item/origin/2cb9bb02ca03df001d6c779203c19eb7.jpg,3520 JPY,in stock,new,Junshin -潤森-,Hardware > Building Materials > Lumber & Sheet Stock,まな板材
base-153479576,DIY 木材 無垢 クラフト材｜エンジュ 槐 700mm×205~240mm×22mm,エンジュ 槐の一枚板 700mm×205~240mm×22mm。新潟の山から自社で伐採・製材・乾燥した天然木を直販。ご希望サイズへの1カット無料・厚み調整無料。写真の現物1点をお届けします。,https://junshin.base.ec/items/153479576?utm_source=pinterest&utm_medium=catalog&utm_campaign=diy,https://base-ec2.akamaized.net/images/item/origin/d3a0763b90d25bf483eb382a43acfbcf.jpg,4070 JPY,in stock,new,Junshin -潤森-,Hardware > Building Materials > Lumber & Sheet Stock,DIY・クラフト材
base-153479652,DIY 木材 無垢 クラフト材｜クルミ オニグルミ 鬼胡桃 ウォールナット 700mm×245~275mm×31mm,クルミ オニグルミ 鬼胡桃 ウォールナットの一枚板 700mm×245~275mm×31mm。新潟の山から自社で伐採・製材・乾燥した天然木を直販。ご希望サイズへの1カット無料・厚み調整無料。写真の現物1点をお届けします。,https://junshin.base.ec/items/153479652?utm_source=pinterest&utm_medium=catalog&utm_campaign=diy,https://base-ec2.akamaized.net/images/item/origin/04a4f2e6b5bb99cea5a36ae770f8c090.jpg,4620 JPY,in stock,new,Junshin -潤森-,Hardware > Building Materials > Lumber & Sheet Stock,DIY・クラフト材
base-153480078,まな板 木製 一枚板｜クルミ オニグルミ 鬼胡桃 ウォールナット 600mm×255~260mm×30mm,クルミ オニグルミ 鬼胡桃 ウォールナットの一枚板 600mm×255~260mm×30mm。新潟の山から自社で伐採・製材・乾燥した天然木を直販。ご希望サイズへの1カット無料・厚み調整無料。写真の現物1点をお届けします。,https://junshin.base.ec/items/153480078?utm_source=pinterest&utm_medium=catalog&utm_campaign=manaita,https://base-ec2.akamaized.net/images/item/origin/10688a1b5aa1a897f0530eda5ae6a95b.jpg,3850 JPY,in stock,new,Junshin -潤森-,Hardware > Building Materials > Lumber & Sheet Stock,まな板材
base-153480232,DIY 木材 無垢 クラフト材｜サクラ ヤマザクラ 山桜 チェリー 694mm×274mm×35mm,サクラ ヤマザクラ 山桜 チェリーの一枚板 694mm×274mm×35mm。新潟の山から自社で伐採・製材・乾燥した天然木を直販。ご希望サイズへの1カット無料・厚み調整無料。写真の現物1点をお届けします。,https://junshin.base.ec/items/153480232?utm_source=pinterest&utm_medium=catalog&utm_campaign=diy,https://base-ec2.akamaized.net/images/item/origin/44ad871ba9a128d14767476a4df57750.jpg,4070 JPY,in stock,new,Junshin -潤森-,Hardware > Building Materials > Lumber & Sheet Stock,DIY・クラフト材
base-153480304,DIY 木材 無垢 クラフト材｜シナ シナノキ バスウッド 630mm×284~297mm×24mm,シナ シナノキ バスウッドの一枚板 630mm×284~297mm×24mm。新潟の山から自社で伐採・製材・乾燥した天然木を直販。ご希望サイズへの1カット無料・厚み調整無料。写真の現物1点をお届けします。,https://junshin.base.ec/items/153480304?utm_source=pinterest&utm_medium=catalog&utm_campaign=diy,https://base-ec2.akamaized.net/images/item/origin/dbdd9a16d9f1764c6d97f5ce29988f35.jpg,2900 JPY,in stock,new,Junshin -潤森-,Hardware > Building Materials > Lumber & Sheet Stock,DIY・クラフト材
base-153480380,まな板 木製 一枚板｜イタヤカエデ 板谷楓 メープル 600mm×295~310mm×20mm,イタヤカエデ 板谷楓 メープルの一枚板 600mm×295~310mm×20mm。新潟の山から自社で伐採・製材・乾燥した天然木を直販。ご希望サイズへの1カット無料・厚み調整無料。写真の現物1点をお届けします。,https://junshin.base.ec/items/153480380?utm_source=pinterest&utm_medium=catalog&utm_campaign=manaita,https://base-ec2.akamaized.net/images/item/origin/3505953c16bad0cbec0b0843a0b820b9.jpg,4070 JPY,in stock,new,Junshin -潤森-,Hardware > Building Materials > Lumber & Sheet Stock,まな板材
base-153480465,DIY 木材 無垢 クラフト材｜クルミ オニグルミ 鬼胡桃 ウォールナット 700mm×255~260mm×32mm,クルミ オニグルミ 鬼胡桃 ウォールナットの一枚板 700mm×255~260mm×32mm。新潟の山から自社で伐採・製材・乾燥した天然木を直販。ご希望サイズへの1カット無料・厚み調整無料。写真の現物1点をお届けします。,https://junshin.base.ec/items/153480465?utm_source=pinterest&utm_medium=catalog&utm_campaign=diy,https://base-ec2.akamaized.net/images/item/origin/c3843009c2cd75a63e16791120addea9.jpg,4400 JPY,in stock,new,Junshin -潤森-,Hardware > Building Materials > Lumber & Sheet Stock,DIY・クラフト材
base-153480536,DIY 木材 無垢 クラフト材｜ホオノキ ホオ 朴 700mm×255~260mm×35mm,ホオノキ ホオ 朴の一枚板 700mm×255~260mm×35mm。新潟の山から自社で伐採・製材・乾燥した天然木を直販。ご希望サイズへの1カット無料・厚み調整無料。写真の現物1点をお届けします。,https://junshin.base.ec/items/153480536?utm_source=pinterest&utm_medium=catalog&utm_campaign=diy,https://base-ec2.akamaized.net/images/item/origin/564f3c11caf600c34e663e1840561031.jpg,4400 JPY,in stock,new,Junshin -潤森-,Hardware > Building Materials > Lumber & Sheet Stock,DIY・クラフト材
base-153480663,まな板 木製 一枚板｜シナ シナノキ バスウッド 500mm×315~320mm×22mm,シナ シナノキ バスウッドの一枚板 500mm×315~320mm×22mm。新潟の山から自社で伐採・製材・乾燥した天然木を直販。ご希望サイズへの1カット無料・厚み調整無料。写真の現物1点をお届けします。,https://junshin.base.ec/items/153480663?utm_source=pinterest&utm_medium=catalog&utm_campaign=manaita,https://base-ec2.akamaized.net/images/item/origin/a4ef3bfd7ea44298abe2e3a5f6e57924.jpg,3000 JPY,in stock,new,Junshin -潤森-,Hardware > Building Materials > Lumber & Sheet Stock,まな板材
base-153480723,まな板 木製 一枚板｜シナ シナノキ バスウッド 600mm×337~345mm×23mm,シナ シナノキ バスウッドの一枚板 600mm×337~345mm×23mm。新潟の山から自社で伐採・製材・乾燥した天然木を直販。ご希望サイズへの1カット無料・厚み調整無料。写真の現物1点をお届けします。,https://junshin.base.ec/items/153480723?utm_source=pinterest&utm_medium=catalog&utm_campaign=manaita,https://base-ec2.akamaized.net/images/item/origin/c355edeaaace5944b1460684093b82f9.jpg,3600 JPY,in stock,new,Junshin -潤森-,Hardware > Building Materials > Lumber & Sheet Stock,まな板材
base-153480792,まな板 木製 一枚板｜イタヤカエデ 板谷楓 メープル 600mm×335~345mm×23mm,イタヤカエデ 板谷楓 メープルの一枚板 600mm×335~345mm×23mm。新潟の山から自社で伐採・製材・乾燥した天然木を直販。ご希望サイズへの1カット無料・厚み調整無料。写真の現物1点をお届けします。,https://junshin.base.ec/items/153480792?utm_source=pinterest&utm_medium=catalog&utm_campaign=manaita,https://base-ec2.akamaized.net/images/item/origin/b8c6dfd11e726514d014638887f3fc9f.jpg,4650 JPY,in stock,new,Junshin -潤森-,Hardware > Building Materials > Lumber & Sheet Stock,まな板材
base-153480903,DIY 木材 無垢 クラフト材｜ホオノキ ホオ 朴 650mm×261mm×34mm,ホオノキ ホオ 朴の一枚板 650mm×261mm×34mm。新潟の山から自社で伐採・製材・乾燥した天然木を直販。ご希望サイズへの1カット無料・厚み調整無料。写真の現物1点をお届けします。,https://junshin.base.ec/items/153480903?utm_source=pinterest&utm_medium=catalog&utm_campaign=diy,https://base-ec2.akamaized.net/images/item/origin/8a64e928447587d92e7aaec21f5f7023.jpg,4070 JPY,in stock,new,Junshin -潤森-,Hardware > Building Materials > Lumber & Sheet Stock,DIY・クラフト材
base-153480949,まな板 木製 一枚板｜サクラ ヤマザクラ 山桜 チェリー 600mm×276mm×31mm,サクラ ヤマザクラ 山桜 チェリーの一枚板 600mm×276mm×31mm。新潟の山から自社で伐採・製材・乾燥した天然木を直販。ご希望サイズへの1カット無料・厚み調整無料。写真の現物1点をお届けします。,https://junshin.base.ec/items/153480949?utm_source=pinterest&utm_medium=catalog&utm_campaign=manaita,https://base-ec2.akamaized.net/images/item/origin/da329b58bd8e6ec39ef00557b524e794.jpg,4070 JPY,in stock,new,Junshin -潤森-,Hardware > Building Materials > Lumber & Sheet Stock,まな板材
base-153481002,DIY 木材 無垢 クラフト材｜クルミ オニグルミ 鬼胡桃 ウォールナット 750mm×238~260mm×33mm,クルミ オニグルミ 鬼胡桃 ウォールナットの一枚板 750mm×238~260mm×33mm。新潟の山から自社で伐採・製材・乾燥した天然木を直販。ご希望サイズへの1カット無料・厚み調整無料。写真の現物1点をお届けします。,https://junshin.base.ec/items/153481002?utm_source=pinterest&utm_medium=catalog&utm_campaign=diy,https://base-ec2.akamaized.net/images/item/origin/3783a54f7f61d5f8f0cebd718f6b0aef.jpg,4730 JPY,in stock,new,Junshin -潤森-,Hardware > Building Materials > Lumber & Sheet Stock,DIY・クラフト材
base-153481059,まな板 木製 一枚板｜シナ シナノキ バスウッド 600mm×318~364mm×26mm,シナ シナノキ バスウッドの一枚板 600mm×318~364mm×26mm。新潟の山から自社で伐採・製材・乾燥した天然木を直販。ご希望サイズへの1カット無料・厚み調整無料。写真の現物1点をお届けします。,https://junshin.base.ec/items/153481059?utm_source=pinterest&utm_medium=catalog&utm_campaign=manaita,https://base-ec2.akamaized.net/images/item/origin/7c1f1e10134248c68b0372480d5f30ef.jpg,3800 JPY,in stock,new,Junshin -潤森-,Hardware > Building Materials > Lumber & Sheet Stock,まな板材
base-153481120,まな板 木製 一枚板｜クリ 栗 チェスナット 550mm×264mm×39mm,クリ 栗 チェスナットの一枚板 550mm×264mm×39mm。新潟の山から自社で伐採・製材・乾燥した天然木を直販。ご希望サイズへの1カット無料・厚み調整無料。写真の現物1点をお届けします。,https://junshin.base.ec/items/153481120?utm_source=pinterest&utm_medium=catalog&utm_campaign=manaita,https://base-ec2.akamaized.net/images/item/origin/b79979cf57fcfd06af8c4a6fcf8fb182.jpg,3680 JPY,in stock,new,Junshin -潤森-,Hardware > Building Materials > Lumber & Sheet Stock,まな板材
base-153481492,DIY 木材 無垢 クラフト材｜サクラ ヤマザクラ 山桜 チェリー 700mm×290~313mm×40mm,サクラ ヤマザクラ 山桜 チェリーの一枚板 700mm×290~313mm×40mm。新潟の山から自社で伐採・製材・乾燥した天然木を直販。ご希望サイズへの1カット無料・厚み調整無料。写真の現物1点をお届けします。,https://junshin.base.ec/items/153481492?utm_source=pinterest&utm_medium=catalog&utm_campaign=diy,https://base-ec2.akamaized.net/images/item/origin/42a0d3bf50c86d89874063c1849484e1.jpg,5390 JPY,in stock,new,Junshin -潤森-,Hardware > Building Materials > Lumber & Sheet Stock,DIY・クラフト材
base-153481739,まな板 木製 一枚板｜サクラ ヤマザクラ 山桜 チェリー 502mm×240~356mm×53mm,サクラ ヤマザクラ 山桜 チェリーの一枚板 502mm×240~356mm×53mm。新潟の山から自社で伐採・製材・乾燥した天然木を直販。ご希望サイズへの1カット無料・厚み調整無料。写真の現物1点をお届けします。,https://junshin.base.ec/items/153481739?utm_source=pinterest&utm_medium=catalog&utm_campaign=manaita,https://base-ec2.akamaized.net/images/item/origin/675d251ef4169bd3a156aae70dc17939.jpg,5040 JPY,in stock,new,Junshin -潤森-,Hardware > Building Materials > Lumber & Sheet Stock,まな板材
base-153481792,DIY 木材 無垢 クラフト材｜イタヤカエデ 板谷楓 メープル 700mm×185~270mm×21mm,イタヤカエデ 板谷楓 メープルの一枚板 700mm×185~270mm×21mm。新潟の山から自社で伐採・製材・乾燥した天然木を直販。ご希望サイズへの1カット無料・厚み調整無料。写真の現物1点をお届けします。,https://junshin.base.ec/items/153481792?utm_source=pinterest&utm_medium=catalog&utm_campaign=diy,https://base-ec2.akamaized.net/images/item/origin/601229cfb20be65fa31c4821148cdc79.jpg,3000 JPY,in stock,new,Junshin -潤森-,Hardware > Building Materials > Lumber & Sheet Stock,DIY・クラフト材
base-153481843,まな板 木製 一枚板｜ホオノキ ホオ 朴 498mm×260mm×33mm,ホオノキ ホオ 朴の一枚板 498mm×260mm×33mm。新潟の山から自社で伐採・製材・乾燥した天然木を直販。ご希望サイズへの1カット無料・厚み調整無料。写真の現物1点をお届けします。,https://junshin.base.ec/items/153481843?utm_source=pinterest&utm_medium=catalog&utm_campaign=manaita,https://base-ec2.akamaized.net/images/item/origin/ade3a3af86892efbe216a7b9f78697e8.jpg,3190 JPY,in stock,new,Junshin -潤森-,Hardware > Building Materials > Lumber & Sheet Stock,まな板材
base-153481907,DIY 木材 無垢 クラフト材｜シナ シナノキ バスウッド 650mm×293~328mm×25mm,シナ シナノキ バスウッドの一枚板 650mm×293~328mm×25mm。新潟の山から自社で伐採・製材・乾燥した天然木を直販。ご希望サイズへの1カット無料・厚み調整無料。写真の現物1点をお届けします。,https://junshin.base.ec/items/153481907?utm_source=pinterest&utm_medium=catalog&utm_campaign=diy,https://base-ec2.akamaized.net/images/item/origin/f8f694095a0bbeb26636557873e74197.jpg,4100 JPY,in stock,new,Junshin -潤森-,Hardware > Building Materials > Lumber & Sheet Stock,DIY・クラフト材
base-153481985,DIY 木材 無垢 クラフト材｜シナ シナノキ バスウッド 700mm×264~282mm×24mm,シナ シナノキ バスウッドの一枚板 700mm×264~282mm×24mm。新潟の山から自社で伐採・製材・乾燥した天然木を直販。ご希望サイズへの1カット無料・厚み調整無料。写真の現物1点をお届けします。,https://junshin.base.ec/items/153481985?utm_source=pinterest&utm_medium=catalog&utm_campaign=diy,https://base-ec2.akamaized.net/images/item/origin/132c1977f88cf5abbce178a94c353875.jpg,3500 JPY,in stock,new,Junshin -潤森-,Hardware > Building Materials > Lumber & Sheet Stock,DIY・クラフト材
base-153482048,DIY 木材 無垢 クラフト材｜サクラ ヤマザクラ 山桜 チェリー 700mm×283~297mm×33mm,サクラ ヤマザクラ 山桜 チェリーの一枚板 700mm×283~297mm×33mm。新潟の山から自社で伐採・製材・乾燥した天然木を直販。ご希望サイズへの1カット無料・厚み調整無料。写真の現物1点をお届けします。,https://junshin.base.ec/items/153482048?utm_source=pinterest&utm_medium=catalog&utm_campaign=diy,https://base-ec2.akamaized.net/images/item/origin/bdd9a8f469dd6dbb374cb290c9a6071f.jpg,4100 JPY,in stock,new,Junshin -潤森-,Hardware > Building Materials > Lumber & Sheet Stock,DIY・クラフト材
base-153482168,まな板 木製 一枚板｜ホオノキ ホオ 朴 500mm×315~320mm×53mm,ホオノキ ホオ 朴の一枚板 500mm×315~320mm×53mm。新潟の山から自社で伐採・製材・乾燥した天然木を直販。ご希望サイズへの1カット無料・厚み調整無料。写真の現物1点をお届けします。,https://junshin.base.ec/items/153482168?utm_source=pinterest&utm_medium=catalog&utm_campaign=manaita,https://base-ec2.akamaized.net/images/item/origin/e6ad06397079723bde0104e1efcc60be.jpg,5390 JPY,in stock,new,Junshin -潤森-,Hardware > Building Materials > Lumber & Sheet Stock,まな板材
base-153482219,棚板 カウンター材 無垢 一枚板｜ホオノキ ホオ 朴 1100mm×220mm×33mm,ホオノキ ホオ 朴の一枚板 1100mm×220mm×33mm。新潟の山から自社で伐採・製材・乾燥した天然木を直販。ご希望サイズへの1カット無料・厚み調整無料。写真の現物1点をお届けします。,https://junshin.base.ec/items/153482219?utm_source=pinterest&utm_medium=catalog&utm_campaign=shelf,https://base-ec2.akamaized.net/images/item/origin/b67db31b4ca5acc4cd06c231c8fc9586.jpg,5500 JPY,in stock,new,Junshin -潤森-,Hardware > Building Materials > Lumber & Sheet Stock,棚板・カウンター材
base-153482260,棚板 カウンター材 無垢 一枚板｜ケヤキ 欅 1000mm×260mm×32mm,ケヤキ 欅の一枚板 1000mm×260mm×32mm。新潟の山から自社で伐採・製材・乾燥した天然木を直販。ご希望サイズへの1カット無料・厚み調整無料。写真の現物1点をお届けします。,https://junshin.base.ec/items/153482260?utm_source=pinterest&utm_medium=catalog&utm_campaign=shelf,https://base-ec2.akamaized.net/images/item/origin/99c06dcbf8177628d6a95f90a11716d1.jpg,5100 JPY,in stock,new,Junshin -潤森-,Hardware > Building Materials > Lumber & Sheet Stock,棚板・カウンター材
base-153482300,まな板 木製 一枚板｜ホオノキ ホオ 朴 550mm×250~260mm×34mm,ホオノキ ホオ 朴の一枚板 550mm×250~260mm×34mm。新潟の山から自社で伐採・製材・乾燥した天然木を直販。ご希望サイズへの1カット無料・厚み調整無料。写真の現物1点をお届けします。,https://junshin.base.ec/items/153482300?utm_source=pinterest&utm_medium=catalog&utm_campaign=manaita,https://base-ec2.akamaized.net/images/item/origin/e05016a497920ac308a860718a0b9856.jpg,3740 JPY,in stock,new,Junshin -潤森-,Hardware > Building Materials > Lumber & Sheet Stock,まな板材
base-153482348,まな板 木製 一枚板｜クルミ オニグルミ 鬼胡桃 ウォールナット 550mm×250mm×50mm,クルミ オニグルミ 鬼胡桃 ウォールナットの一枚板 550mm×250mm×50mm。新潟の山から自社で伐採・製材・乾燥した天然木を直販。ご希望サイズへの1カット無料・厚み調整無料。写真の現物1点をお届けします。,https://junshin.base.ec/items/153482348?utm_source=pinterest&utm_medium=catalog&utm_campaign=manaita,https://base-ec2.akamaized.net/images/item/origin/4c5c28e5939d6b36ed72c62feda7b415.jpg,4840 JPY,in stock,new,Junshin -潤森-,Hardware > Building Materials > Lumber & Sheet Stock,まな板材
base-153482449,棚板 カウンター材 無垢 一枚板｜クルミ オニグルミ 鬼胡桃 ウォールナット 1000mm×245~270mm×25mm,クルミ オニグルミ 鬼胡桃 ウォールナットの一枚板 1000mm×245~270mm×25mm。新潟の山から自社で伐採・製材・乾燥した天然木を直販。ご希望サイズへの1カット無料・厚み調整無料。写真の現物1点をお届けします。,https://junshin.base.ec/items/153482449?utm_source=pinterest&utm_medium=catalog&utm_campaign=shelf,https://base-ec2.akamaized.net/images/item/origin/d695d425adb08f96e3270ae8c747046e.jpg,4950 JPY,in stock,new,Junshin -潤森-,Hardware > Building Materials > Lumber & Sheet Stock,棚板・カウンター材
base-153482674,まな板 木製 一枚板｜ホオノキ ホオ 朴 600mm×225~228mm×43mm,ホオノキ ホオ 朴の一枚板 600mm×225~228mm×43mm。新潟の山から自社で伐採・製材・乾燥した天然木を直販。ご希望サイズへの1カット無料・厚み調整無料。写真の現物1点をお届けします。,https://junshin.base.ec/items/153482674?utm_source=pinterest&utm_medium=catalog&utm_campaign=manaita,https://base-ec2.akamaized.net/images/item/origin/5375e8bebfadaa1b57578067148fed4b.jpg,4180 JPY,in stock,new,Junshin -潤森-,Hardware > Building Materials > Lumber & Sheet Stock,まな板材
base-153482816,DIY 木材 無垢 クラフト材｜サクラ ヤマザクラ 山桜 チェリー 700mm×291~296mm×34mm,サクラ ヤマザクラ 山桜 チェリーの一枚板 700mm×291~296mm×34mm。新潟の山から自社で伐採・製材・乾燥した天然木を直販。ご希望サイズへの1カット無料・厚み調整無料。写真の現物1点をお届けします。,https://junshin.base.ec/items/153482816?utm_source=pinterest&utm_medium=catalog&utm_campaign=diy,https://base-ec2.akamaized.net/images/item/origin/e69c583de1429865c5b3d150855f9a05.jpg,4070 JPY,in stock,new,Junshin -潤森-,Hardware > Building Materials > Lumber & Sheet Stock,DIY・クラフト材
base-153482925,DIY 木材 無垢 クラフト材｜イタヤカエデ 板谷楓 メープル 700mm×270~333mm×24mm,イタヤカエデ 板谷楓 メープルの一枚板 700mm×270~333mm×24mm。新潟の山から自社で伐採・製材・乾燥した天然木を直販。ご希望サイズへの1カット無料・厚み調整無料。写真の現物1点をお届けします。,https://junshin.base.ec/items/153482925?utm_source=pinterest&utm_medium=catalog&utm_campaign=diy,https://base-ec2.akamaized.net/images/item/origin/38046d17f4861208b441bfda4667d8e0.jpg,3780 JPY,in stock,new,Junshin -潤森-,Hardware > Building Materials > Lumber & Sheet Stock,DIY・クラフト材
base-153482962,一枚板 テーブル天板 無垢材｜ケヤキ 欅 900mm×215~225mm×41mm,ケヤキ 欅の一枚板 900mm×215~225mm×41mm。新潟の山から自社で伐採・製材・乾燥した天然木を直販。ご希望サイズへの1カット無料・厚み調整無料。写真の現物1点をお届けします。,https://junshin.base.ec/items/153482962?utm_source=pinterest&utm_medium=catalog&utm_campaign=table,https://base-ec2.akamaized.net/images/item/origin/580a672a9300f51b40cec3eb6f9f9173.jpg,4900 JPY,in stock,new,Junshin -潤森-,Hardware > Building Materials > Lumber & Sheet Stock,一枚板テーブル天板
base-153483000,まな板 木製 一枚板｜イタヤカエデ 板谷楓 メープル 520mm×385~400mm×24mm,イタヤカエデ 板谷楓 メープルの一枚板 520mm×385~400mm×24mm。新潟の山から自社で伐採・製材・乾燥した天然木を直販。ご希望サイズへの1カット無料・厚み調整無料。写真の現物1点をお届けします。,https://junshin.base.ec/items/153483000?utm_source=pinterest&utm_medium=catalog&utm_campaign=manaita,https://base-ec2.akamaized.net/images/item/origin/e62888378c239d3135d6b02b6bf67b13.jpg,4200 JPY,in stock,new,Junshin -潤森-,Hardware > Building Materials > Lumber & Sheet Stock,まな板材
base-153483149,DIY 木材 無垢 クラフト材｜イタヤカエデ 板谷楓 メープル 650mm×308~348mm×22mm,イタヤカエデ 板谷楓 メープルの一枚板 650mm×308~348mm×22mm。新潟の山から自社で伐採・製材・乾燥した天然木を直販。ご希望サイズへの1カット無料・厚み調整無料。写真の現物1点をお届けします。,https://junshin.base.ec/items/153483149?utm_source=pinterest&utm_medium=catalog&utm_campaign=diy,https://base-ec2.akamaized.net/images/item/origin/159ad6f97f62e3a4e2af26e13c740dc6.jpg,4260 JPY,in stock,new,Junshin -潤森-,Hardware > Building Materials > Lumber & Sheet Stock,DIY・クラフト材
base-153483266,棚板 カウンター材 無垢 一枚板｜クルミ オニグルミ 鬼胡桃 ウォールナット 850mm×198mm×33mm,クルミ オニグルミ 鬼胡桃 ウォールナットの一枚板 850mm×198mm×33mm。新潟の山から自社で伐採・製材・乾燥した天然木を直販。ご希望サイズへの1カット無料・厚み調整無料。写真の現物1点をお届けします。,https://junshin.base.ec/items/153483266?utm_source=pinterest&utm_medium=catalog&utm_campaign=shelf,https://base-ec2.akamaized.net/images/item/origin/5c6a2ce09c11c80ef77961466173d3b8.jpg,4290 JPY,in stock,new,Junshin -潤森-,Hardware > Building Materials > Lumber & Sheet Stock,棚板・カウンター材
base-153483384,DIY 木材 無垢 クラフト材｜クリ 栗 チェスナット 700mm×235~245mm×46mm,クリ 栗 チェスナットの一枚板 700mm×235~245mm×46mm。新潟の山から自社で伐採・製材・乾燥した天然木を直販。ご希望サイズへの1カット無料・厚み調整無料。写真の現物1点をお届けします。,https://junshin.base.ec/items/153483384?utm_source=pinterest&utm_medium=catalog&utm_campaign=diy,https://base-ec2.akamaized.net/images/item/origin/359c12c4e23f54a792b67d8723703761.jpg,4260 JPY,in stock,new,Junshin -潤森-,Hardware > Building Materials > Lumber & Sheet Stock,DIY・クラフト材
base-153483494,まな板 木製 一枚板｜ケヤキ 欅 500mm×185mm×58mm,ケヤキ 欅の一枚板 500mm×185mm×58mm。新潟の山から自社で伐採・製材・乾燥した天然木を直販。ご希望サイズへの1カット無料・厚み調整無料。写真の現物1点をお届けします。,https://junshin.base.ec/items/153483494?utm_source=pinterest&utm_medium=catalog&utm_campaign=manaita,https://base-ec2.akamaized.net/images/item/origin/2cc0df60345c10392d3ea897282d3e5f.jpg,3000 JPY,in stock,new,Junshin -潤森-,Hardware > Building Materials > Lumber & Sheet Stock,まな板材
base-153483561,まな板 木製 一枚板｜イタヤカエデ 板谷楓 メープル 580mm×300~320mm×18mm,イタヤカエデ 板谷楓 メープルの一枚板 580mm×300~320mm×18mm。新潟の山から自社で伐採・製材・乾燥した天然木を直販。ご希望サイズへの1カット無料・厚み調整無料。写真の現物1点をお届けします。,https://junshin.base.ec/items/153483561?utm_source=pinterest&utm_medium=catalog&utm_campaign=manaita,https://base-ec2.akamaized.net/images/item/origin/bfa044d4745f915112cc8dbe655f8c0d.jpg,3900 JPY,in stock,new,Junshin -潤森-,Hardware > Building Materials > Lumber & Sheet Stock,まな板材
base-153483625,まな板 木製 一枚板｜シナ シナノキ バスウッド 600mm×296~350mm×24mm,シナ シナノキ バスウッドの一枚板 600mm×296~350mm×24mm。新潟の山から自社で伐採・製材・乾燥した天然木を直販。ご希望サイズへの1カット無料・厚み調整無料。写真の現物1点をお届けします。,https://junshin.base.ec/items/153483625?utm_source=pinterest&utm_medium=catalog&utm_campaign=manaita,https://base-ec2.akamaized.net/images/item/origin/6f725c2700a0fe0f980e59f4a549e227.jpg,3800 JPY,in stock,new,Junshin -潤森-,Hardware > Building Materials > Lumber & Sheet Stock,まな板材
base-153483835,DIY 木材 無垢 クラフト材｜クルミ オニグルミ 鬼胡桃 ウォールナット 697mm×210~219mm×47mm,クルミ オニグルミ 鬼胡桃 ウォールナットの一枚板 697mm×210~219mm×47mm。新潟の山から自社で伐採・製材・乾燥した天然木を直販。ご希望サイズへの1カット無料・厚み調整無料。写真の現物1点をお届けします。,https://junshin.base.ec/items/153483835?utm_source=pinterest&utm_medium=catalog&utm_campaign=diy,https://base-ec2.akamaized.net/images/item/origin/241a41d5227a8c2733c31b23ab7715a2.jpg,3970 JPY,in stock,new,Junshin -潤森-,Hardware > Building Materials > Lumber & Sheet Stock,DIY・クラフト材
base-153483977,DIY 木材 無垢 クラフト材｜イタヤカエデ 板谷楓 メープル 650mm×307~330mm×23mm,イタヤカエデ 板谷楓 メープルの一枚板 650mm×307~330mm×23mm。新潟の山から自社で伐採・製材・乾燥した天然木を直販。ご希望サイズへの1カット無料・厚み調整無料。写真の現物1点をお届けします。,https://junshin.base.ec/items/153483977?utm_source=pinterest&utm_medium=catalog&utm_campaign=diy,https://base-ec2.akamaized.net/images/item/origin/01d94a9bafed89b25b05c74a93ec70ab.jpg,3780 JPY,in stock,new,Junshin -潤森-,Hardware > Building Materials > Lumber & Sheet Stock,DIY・クラフト材
base-153484030,一枚板 テーブル天板 無垢材｜サイカチ 皂莢 800mm×225~243mm×48mm,サイカチ 皂莢の一枚板 800mm×225~243mm×48mm。新潟の山から自社で伐採・製材・乾燥した天然木を直販。ご希望サイズへの1カット無料・厚み調整無料。写真の現物1点をお届けします。,https://junshin.base.ec/items/153484030?utm_source=pinterest&utm_medium=catalog&utm_campaign=table,https://base-ec2.akamaized.net/images/item/origin/fda619b00ddf1a8e2f46b62f1596bcf0.jpg,5580 JPY,in stock,new,Junshin -潤森-,Hardware > Building Materials > Lumber & Sheet Stock,一枚板テーブル天板
base-153484085,棚板 カウンター材 無垢 一枚板｜サクラ ヤマザクラ 山桜 チェリー 1500mm×281mm×35mm,サクラ ヤマザクラ 山桜 チェリーの一枚板 1500mm×281mm×35mm。新潟の山から自社で伐採・製材・乾燥した天然木を直販。ご希望サイズへの1カット無料・厚み調整無料。写真の現物1点をお届けします。,https://junshin.base.ec/items/153484085?utm_source=pinterest&utm_medium=catalog&utm_campaign=shelf,https://base-ec2.akamaized.net/images/item/origin/6180d7de21f3b3c042d38fc28fb67011.jpg,10870 JPY,in stock,new,Junshin -潤森-,Hardware > Building Materials > Lumber & Sheet Stock,棚板・カウンター材
base-153484216,一枚板 テーブル天板 無垢材｜クルミ オニグルミ 鬼胡桃 ウォールナット 1500mm×247~255mm×50mm,クルミ オニグルミ 鬼胡桃 ウォールナットの一枚板 1500mm×247~255mm×50mm。新潟の山から自社で伐採・製材・乾燥した天然木を直販。ご希望サイズへの1カット無料・厚み調整無料。写真の現物1点をお届けします。,https://junshin.base.ec/items/153484216?utm_source=pinterest&utm_medium=catalog&utm_campaign=table,https://base-ec2.akamaized.net/images/item/origin/9f6e0aae522324842664a44ee3cc02bb.jpg,12400 JPY,in stock,new,Junshin -潤森-,Hardware > Building Materials > Lumber & Sheet Stock,一枚板テーブル天板
base-153484275,まな板 木製 一枚板｜シナ シナノキ バスウッド 600mm×333~355mm×21mm,シナ シナノキ バスウッドの一枚板 600mm×333~355mm×21mm。新潟の山から自社で伐採・製材・乾燥した天然木を直販。ご希望サイズへの1カット無料・厚み調整無料。写真の現物1点をお届けします。,https://junshin.base.ec/items/153484275?utm_source=pinterest&utm_medium=catalog&utm_campaign=manaita,https://base-ec2.akamaized.net/images/item/origin/d66681ea71c8326046e0146722b211e8.jpg,3900 JPY,in stock,new,Junshin -潤森-,Hardware > Building Materials > Lumber & Sheet Stock,まな板材
base-153484423,まな板 木製 一枚板｜クルミ オニグルミ 鬼胡桃 ウォールナット 600mm×200mm×47mm,クルミ オニグルミ 鬼胡桃 ウォールナットの一枚板 600mm×200mm×47mm。新潟の山から自社で伐採・製材・乾燥した天然木を直販。ご希望サイズへの1カット無料・厚み調整無料。写真の現物1点をお届けします。,https://junshin.base.ec/items/153484423?utm_source=pinterest&utm_medium=catalog&utm_campaign=manaita,https://base-ec2.akamaized.net/images/item/origin/20a9ea8aa9d19fdaf2086e1bfdd26bc1.jpg,4290 JPY,in stock,new,Junshin -潤森-,Hardware > Building Materials > Lumber & Sheet Stock,まな板材
base-153484542,まな板 木製 一枚板｜クルミ オニグルミ 鬼胡桃 ウォールナット 500mm×260mm×52mm,クルミ オニグルミ 鬼胡桃 ウォールナットの一枚板 500mm×260mm×52mm。新潟の山から自社で伐採・製材・乾燥した天然木を直販。ご希望サイズへの1カット無料・厚み調整無料。写真の現物1点をお届けします。,https://junshin.base.ec/items/153484542?utm_source=pinterest&utm_medium=catalog&utm_campaign=manaita,https://base-ec2.akamaized.net/images/item/origin/ed755824b77b986d91a63379141640a7.jpg,4840 JPY,in stock,new,Junshin -潤森-,Hardware > Building Materials > Lumber & Sheet Stock,まな板材
base-153484636,まな板 木製 一枚板｜イタヤカエデ 板谷楓 メープル 600mm×320~345mm×22mm,イタヤカエデ 板谷楓 メープルの一枚板 600mm×320~345mm×22mm。新潟の山から自社で伐採・製材・乾燥した天然木を直販。ご希望サイズへの1カット無料・厚み調整無料。写真の現物1点をお届けします。,https://junshin.base.ec/items/153484636?utm_source=pinterest&utm_medium=catalog&utm_campaign=manaita,https://base-ec2.akamaized.net/images/item/origin/bce973db8ea83c3cccbd8f75a67a9be4.jpg,5200 JPY,in stock,new,Junshin -潤森-,Hardware > Building Materials > Lumber & Sheet Stock,まな板材
base-153484818,まな板 木製 一枚板｜ホオノキ ホオ 朴 600mm×290mm×49mm,ホオノキ ホオ 朴の一枚板 600mm×290mm×49mm。新潟の山から自社で伐採・製材・乾燥した天然木を直販。ご希望サイズへの1カット無料・厚み調整無料。写真の現物1点をお届けします。,https://junshin.base.ec/items/153484818?utm_source=pinterest&utm_medium=catalog&utm_campaign=manaita,https://base-ec2.akamaized.net/images/item/origin/729fe4ec8e1228f54920e0f71951151f.jpg,5390 JPY,in stock,new,Junshin -潤森-,Hardware > Building Materials > Lumber & Sheet Stock,まな板材
base-153484904,DIY 木材 無垢 クラフト材｜クルミ オニグルミ 鬼胡桃 ウォールナット 650mm×337~357mm×53mm,クルミ オニグルミ 鬼胡桃 ウォールナットの一枚板 650mm×337~357mm×53mm。新潟の山から自社で伐採・製材・乾燥した天然木を直販。ご希望サイズへの1カット無料・厚み調整無料。写真の現物1点をお届けします。,https://junshin.base.ec/items/153484904?utm_source=pinterest&utm_medium=catalog&utm_campaign=diy,https://base-ec2.akamaized.net/images/item/origin/f42ce5bb6009e47d88d6026e589700d8.jpg,7370 JPY,in stock,new,Junshin -潤森-,Hardware > Building Materials > Lumber & Sheet Stock,DIY・クラフト材
base-153485065,DIY 木材 無垢 クラフト材｜クルミ オニグルミ 鬼胡桃 ウォールナット 701mm×262~293mm×50mm,クルミ オニグルミ 鬼胡桃 ウォールナットの一枚板 701mm×262~293mm×50mm。新潟の山から自社で伐採・製材・乾燥した天然木を直販。ご希望サイズへの1カット無料・厚み調整無料。写真の現物1点をお届けします。,https://junshin.base.ec/items/153485065?utm_source=pinterest&utm_medium=catalog&utm_campaign=diy,https://base-ec2.akamaized.net/images/item/origin/8d5346d03d3d88b9d61d54538ba15365.jpg,6080 JPY,in stock,new,Junshin -潤森-,Hardware > Building Materials > Lumber & Sheet Stock,DIY・クラフト材
base-153485231,棚板 カウンター材 無垢 一枚板｜クルミ オニグルミ 鬼胡桃 ウォールナット 900mm×250~270mm×31mm,クルミ オニグルミ 鬼胡桃 ウォールナットの一枚板 900mm×250~270mm×31mm。新潟の山から自社で伐採・製材・乾燥した天然木を直販。ご希望サイズへの1カット無料・厚み調整無料。写真の現物1点をお届けします。,https://junshin.base.ec/items/153485231?utm_source=pinterest&utm_medium=catalog&utm_campaign=shelf,https://base-ec2.akamaized.net/images/item/origin/6ab89d4ec5f15bad3d7cdf8f2fd8f9ab.jpg,5320 JPY,in stock,new,Junshin -潤森-,Hardware > Building Materials > Lumber & Sheet Stock,棚板・カウンター材
base-153485276,一枚板 テーブル天板 無垢材｜サクラ ヤマザクラ 山桜 チェリー 1100mm×255~395mm×32mm,サクラ ヤマザクラ 山桜 チェリーの一枚板 1100mm×255~395mm×32mm。新潟の山から自社で伐採・製材・乾燥した天然木を直販。ご希望サイズへの1カット無料・厚み調整無料。写真の現物1点をお届けします。,https://junshin.base.ec/items/153485276?utm_source=pinterest&utm_medium=catalog&utm_campaign=table,https://base-ec2.akamaized.net/images/item/origin/34feb0aafd85c5477a99cd8b6093036a.jpg,7610 JPY,in stock,new,Junshin -潤森-,Hardware > Building Materials > Lumber & Sheet Stock,一枚板テーブル天板
base-153485329,DIY 木材 無垢 クラフト材｜シナ シナノキ バスウッド 700mm×285~290mm×23mm,シナ シナノキ バスウッドの一枚板 700mm×285~290mm×23mm。新潟の山から自社で伐採・製材・乾燥した天然木を直販。ご希望サイズへの1カット無料・厚み調整無料。写真の現物1点をお届けします。,https://junshin.base.ec/items/153485329?utm_source=pinterest&utm_medium=catalog&utm_campaign=diy,https://base-ec2.akamaized.net/images/item/origin/8027510a21101c16023ae2a2c2ece306.jpg,2900 JPY,in stock,new,Junshin -潤森-,Hardware > Building Materials > Lumber & Sheet Stock,DIY・クラフト材
base-153485371,一枚板 テーブル天板 無垢材｜ホオノキ ホオ 朴 1000mm×317~325mm×50mm,ホオノキ ホオ 朴の一枚板 1000mm×317~325mm×50mm。新潟の山から自社で伐採・製材・乾燥した天然木を直販。ご希望サイズへの1カット無料・厚み調整無料。写真の現物1点をお届けします。,https://junshin.base.ec/items/153485371?utm_source=pinterest&utm_medium=catalog&utm_campaign=table,https://base-ec2.akamaized.net/images/item/origin/3b71b44c64266a952670308554bfbf80.jpg,9350 JPY,in stock,new,Junshin -潤森-,Hardware > Building Materials > Lumber & Sheet Stock,一枚板テーブル天板
base-153485426,一枚板 テーブル天板 無垢材｜クリ 栗 チェスナット 1050mm×243~260mm×41mm,クリ 栗 チェスナットの一枚板 1050mm×243~260mm×41mm。新潟の山から自社で伐採・製材・乾燥した天然木を直販。ご希望サイズへの1カット無料・厚み調整無料。写真の現物1点をお届けします。,https://junshin.base.ec/items/153485426?utm_source=pinterest&utm_medium=catalog&utm_campaign=table,https://base-ec2.akamaized.net/images/item/origin/7caf69fae203b1ed1aa23aacd90129a9.jpg,7240 JPY,in stock,new,Junshin -潤森-,Hardware > Building Materials > Lumber & Sheet Stock,一枚板テーブル天板
base-153485520,棚板 カウンター材 無垢 一枚板｜クルミ オニグルミ 鬼胡桃 ウォールナット 1000mm×255~260mm×39mm,クルミ オニグルミ 鬼胡桃 ウォールナットの一枚板 1000mm×255~260mm×39mm。新潟の山から自社で伐採・製材・乾燥した天然木を直販。ご希望サイズへの1カット無料・厚み調整無料。写真の現物1点をお届けします。,https://junshin.base.ec/items/153485520?utm_source=pinterest&utm_medium=catalog&utm_campaign=shelf,https://base-ec2.akamaized.net/images/item/origin/1b14f9234cf280c7dfdc90367a416c9e.jpg,6490 JPY,in stock,new,Junshin -潤森-,Hardware > Building Materials > Lumber & Sheet Stock,棚板・カウンター材
base-153485827,DIY 木材 無垢 クラフト材｜ケヤキ 欅 650mm×224mm×44mm,ケヤキ 欅の一枚板 650mm×224mm×44mm。新潟の山から自社で伐採・製材・乾燥した天然木を直販。ご希望サイズへの1カット無料・厚み調整無料。写真の現物1点をお届けします。,https://junshin.base.ec/items/153485827?utm_source=pinterest&utm_medium=catalog&utm_campaign=diy,https://base-ec2.akamaized.net/images/item/origin/ff7c134a306d8ce707a295fa475f4b26.jpg,3800 JPY,in stock,new,Junshin -潤森-,Hardware > Building Materials > Lumber & Sheet Stock,DIY・クラフト材
base-153485919,棚板 カウンター材 無垢 一枚板｜クルミ オニグルミ 鬼胡桃 ウォールナット 1040mm×195~275mm×29mm,クルミ オニグルミ 鬼胡桃 ウォールナットの一枚板 1040mm×195~275mm×29mm。新潟の山から自社で伐採・製材・乾燥した天然木を直販。ご希望サイズへの1カット無料・厚み調整無料。写真の現物1点をお届けします。,https://junshin.base.ec/items/153485919?utm_source=pinterest&utm_medium=catalog&utm_campaign=shelf,https://base-ec2.akamaized.net/images/item/origin/08c39719b678d6f5c21ebe3b76bb51ca.jpg,5610 JPY,in stock,new,Junshin -潤森-,Hardware > Building Materials > Lumber & Sheet Stock,棚板・カウンター材
base-153486014,一枚板 テーブル天板 無垢材｜ケヤキ 欅 1200mm×400~430mm×28mm,ケヤキ 欅の一枚板 1200mm×400~430mm×28mm。新潟の山から自社で伐採・製材・乾燥した天然木を直販。ご希望サイズへの1カット無料・厚み調整無料。写真の現物1点をお届けします。,https://junshin.base.ec/items/153486014?utm_source=pinterest&utm_medium=catalog&utm_campaign=table,https://base-ec2.akamaized.net/images/item/origin/a41487afbff5b2a79555f2589aa42406.jpg,10300 JPY,in stock,new,Junshin -潤森-,Hardware > Building Materials > Lumber & Sheet Stock,一枚板テーブル天板
base-153486325,DIY 木材 無垢 クラフト材｜エンジュ 槐 650mm×260~290mm×25mm,エンジュ 槐の一枚板 650mm×260~290mm×25mm。新潟の山から自社で伐採・製材・乾燥した天然木を直販。ご希望サイズへの1カット無料・厚み調整無料。写真の現物1点をお届けします。,https://junshin.base.ec/items/153486325?utm_source=pinterest&utm_medium=catalog&utm_campaign=diy,https://base-ec2.akamaized.net/images/item/origin/d05724de8df0c59e125deed0cba900aa.jpg,4850 JPY,in stock,new,Junshin -潤森-,Hardware > Building Materials > Lumber & Sheet Stock,DIY・クラフト材
base-153486980,一枚板 テーブル天板 無垢材｜サクラ ヤマザクラ 山桜 チェリー 1000mm×275~309mm×40mm,サクラ ヤマザクラ 山桜 チェリーの一枚板 1000mm×275~309mm×40mm。新潟の山から自社で伐採・製材・乾燥した天然木を直販。ご希望サイズへの1カット無料・厚み調整無料。写真の現物1点をお届けします。,https://junshin.base.ec/items/153486980?utm_source=pinterest&utm_medium=catalog&utm_campaign=table,https://base-ec2.akamaized.net/images/item/origin/6d7b99b7287e9872c6fcc9f96b759467.jpg,7960 JPY,in stock,new,Junshin -潤森-,Hardware > Building Materials > Lumber & Sheet Stock,一枚板テーブル天板
base-153487041,棚板 カウンター材 無垢 一枚板｜ケヤキ 欅 897mm×262mm×34mm,ケヤキ 欅の一枚板 897mm×262mm×34mm。新潟の山から自社で伐採・製材・乾燥した天然木を直販。ご希望サイズへの1カット無料・厚み調整無料。写真の現物1点をお届けします。,https://junshin.base.ec/items/153487041?utm_source=pinterest&utm_medium=catalog&utm_campaign=shelf,https://base-ec2.akamaized.net/images/item/origin/1e618811d6d75508a236d023c7666aaf.jpg,4240 JPY,in stock,new,Junshin -潤森-,Hardware > Building Materials > Lumber & Sheet Stock,棚板・カウンター材
base-153487127,DIY 木材 無垢 クラフト材｜クルミ オニグルミ 鬼胡桃 ウォールナット 750mm×220mm×30mm,クルミ オニグルミ 鬼胡桃 ウォールナットの一枚板 750mm×220mm×30mm。新潟の山から自社で伐採・製材・乾燥した天然木を直販。ご希望サイズへの1カット無料・厚み調整無料。写真の現物1点をお届けします。,https://junshin.base.ec/items/153487127?utm_source=pinterest&utm_medium=catalog&utm_campaign=diy,https://base-ec2.akamaized.net/images/item/origin/e9950b735cbd1403e6201d85ed471531.jpg,3600 JPY,in stock,new,Junshin -潤森-,Hardware > Building Materials > Lumber & Sheet Stock,DIY・クラフト材
base-153487170,DIY 木材 無垢 クラフト材｜サクラ ヤマザクラ 山桜 チェリー 700mm×288~293mm×39mm,サクラ ヤマザクラ 山桜 チェリーの一枚板 700mm×288~293mm×39mm。新潟の山から自社で伐採・製材・乾燥した天然木を直販。ご希望サイズへの1カット無料・厚み調整無料。写真の現物1点をお届けします。,https://junshin.base.ec/items/153487170?utm_source=pinterest&utm_medium=catalog&utm_campaign=diy,https://base-ec2.akamaized.net/images/item/origin/dcfd139ba1ba2bc9a9dde4ea5a288f57.jpg,4600 JPY,in stock,new,Junshin -潤森-,Hardware > Building Materials > Lumber & Sheet Stock,DIY・クラフト材
base-153487252,DIY 木材 無垢 クラフト材｜ホオノキ ホオ 朴 700mm×262mm×34mm,ホオノキ ホオ 朴の一枚板 700mm×262mm×34mm。新潟の山から自社で伐採・製材・乾燥した天然木を直販。ご希望サイズへの1カット無料・厚み調整無料。写真の現物1点をお届けします。,https://junshin.base.ec/items/153487252?utm_source=pinterest&utm_medium=catalog&utm_campaign=diy,https://base-ec2.akamaized.net/images/item/origin/741c979e42b6965a2995216f2199473a.jpg,4400 JPY,in stock,new,Junshin -潤森-,Hardware > Building Materials > Lumber & Sheet Stock,DIY・クラフト材
base-153487326,一枚板 テーブル天板 無垢材｜ケヤキ 欅 1000mm×320~360mm×30mm,ケヤキ 欅の一枚板 1000mm×320~360mm×30mm。新潟の山から自社で伐採・製材・乾燥した天然木を直販。ご希望サイズへの1カット無料・厚み調整無料。写真の現物1点をお届けします。,https://junshin.base.ec/items/153487326?utm_source=pinterest&utm_medium=catalog&utm_campaign=table,https://base-ec2.akamaized.net/images/item/origin/f2e25d8db06b8a3d8f47e2254c60f697.jpg,6100 JPY,in stock,new,Junshin -潤森-,Hardware > Building Materials > Lumber & Sheet Stock,一枚板テーブル天板
base-153487452,DIY 木材 無垢 クラフト材｜クルミ オニグルミ 鬼胡桃 ウォールナット 750mm×210~217mm×30mm,クルミ オニグルミ 鬼胡桃 ウォールナットの一枚板 750mm×210~217mm×30mm。新潟の山から自社で伐採・製材・乾燥した天然木を直販。ご希望サイズへの1カット無料・厚み調整無料。写真の現物1点をお届けします。,https://junshin.base.ec/items/153487452?utm_source=pinterest&utm_medium=catalog&utm_campaign=diy,https://base-ec2.akamaized.net/images/item/origin/de4959da70d6dbe61aed86f18bd114d7.jpg,3400 JPY,in stock,new,Junshin -潤森-,Hardware > Building Materials > Lumber & Sheet Stock,DIY・クラフト材
base-153487723,DIY 木材 無垢 クラフト材｜ケヤキ 欅 1000mm×147mm×32mm,ケヤキ 欅の一枚板 1000mm×147mm×32mm。新潟の山から自社で伐採・製材・乾燥した天然木を直販。ご希望サイズへの1カット無料・厚み調整無料。写真の現物1点をお届けします。,https://junshin.base.ec/items/153487723?utm_source=pinterest&utm_medium=catalog&utm_campaign=diy,https://base-ec2.akamaized.net/images/item/origin/978bccb5163c3e422602a1ef174d396d.jpg,3900 JPY,in stock,new,Junshin -潤森-,Hardware > Building Materials > Lumber & Sheet Stock,DIY・クラフト材
base-153487780,棚板 カウンター材 無垢 一枚板｜ホオノキ ホオ 朴 950mm×250~260mm×32mm,ホオノキ ホオ 朴の一枚板 950mm×250~260mm×32mm。新潟の山から自社で伐採・製材・乾燥した天然木を直販。ご希望サイズへの1カット無料・厚み調整無料。写真の現物1点をお届けします。,https://junshin.base.ec/items/153487780?utm_source=pinterest&utm_medium=catalog&utm_campaign=shelf,https://base-ec2.akamaized.net/images/item/origin/fa10342c82eeca608beec3357ac9b874.jpg,5500 JPY,in stock,new,Junshin -潤森-,Hardware > Building Materials > Lumber & Sheet Stock,棚板・カウンター材
base-153487819,まな板 木製 一枚板｜サクラ ヤマザクラ 山桜 チェリー 500mm×280mm×31mm,サクラ ヤマザクラ 山桜 チェリーの一枚板 500mm×280mm×31mm。新潟の山から自社で伐採・製材・乾燥した天然木を直販。ご希望サイズへの1カット無料・厚み調整無料。写真の現物1点をお届けします。,https://junshin.base.ec/items/153487819?utm_source=pinterest&utm_medium=catalog&utm_campaign=manaita,https://base-ec2.akamaized.net/images/item/origin/25b109d6aeeb63199dc7cf2c007b856d.jpg,3630 JPY,in stock,new,Junshin -潤森-,Hardware > Building Materials > Lumber & Sheet Stock,まな板材
base-153488062,一枚板 テーブル天板 無垢材｜ケヤキ 欅 1050mm×480~495mm×54mm,ケヤキ 欅の一枚板 1050mm×480~495mm×54mm。新潟の山から自社で伐採・製材・乾燥した天然木を直販。ご希望サイズへの1カット無料・厚み調整無料。写真の現物1点をお届けします。,https://junshin.base.ec/items/153488062?utm_source=pinterest&utm_medium=catalog&utm_campaign=table,https://base-ec2.akamaized.net/images/item/origin/91ff7cf2054e7ca867f183d8db21580b.jpg,15970 JPY,in stock,new,Junshin -潤森-,Hardware > Building Materials > Lumber & Sheet Stock,一枚板テーブル天板
base-153488108,まな板 木製 一枚板｜ホオノキ ホオ 朴 600mm×264mm×35mm,ホオノキ ホオ 朴の一枚板 600mm×264mm×35mm。新潟の山から自社で伐採・製材・乾燥した天然木を直販。ご希望サイズへの1カット無料・厚み調整無料。写真の現物1点をお届けします。,https://junshin.base.ec/items/153488108?utm_source=pinterest&utm_medium=catalog&utm_campaign=manaita,https://base-ec2.akamaized.net/images/item/origin/b1d8b5696b07a6b20c1c3f8d728ae44c.jpg,4070 JPY,in stock,new,Junshin -潤森-,Hardware > Building Materials > Lumber & Sheet Stock,まな板材
base-153488147,DIY 木材 無垢 クラフト材｜クルミ オニグルミ 鬼胡桃 ウォールナット 700mm×320~440mm×50mm,クルミ オニグルミ 鬼胡桃 ウォールナットの一枚板 700mm×320~440mm×50mm。新潟の山から自社で伐採・製材・乾燥した天然木を直販。ご希望サイズへの1カット無料・厚み調整無料。写真の現物1点をお届けします。,https://junshin.base.ec/items/153488147?utm_source=pinterest&utm_medium=catalog&utm_campaign=diy,https://base-ec2.akamaized.net/images/item/origin/c4830417eb9114c6aae082794c19dde9.jpg,9060 JPY,in stock,new,Junshin -潤森-,Hardware > Building Materials > Lumber & Sheet Stock,DIY・クラフト材
base-153488178,棚板 カウンター材 無垢 一枚板｜シナ シナノキ バスウッド 1000mm×263~280mm×26mm,シナ シナノキ バスウッドの一枚板 1000mm×263~280mm×26mm。新潟の山から自社で伐採・製材・乾燥した天然木を直販。ご希望サイズへの1カット無料・厚み調整無料。写真の現物1点をお届けします。,https://junshin.base.ec/items/153488178?utm_source=pinterest&utm_medium=catalog&utm_campaign=shelf,https://base-ec2.akamaized.net/images/item/origin/344677d0cf5b3a4f98d03e7a537965d1.jpg,5210 JPY,in stock,new,Junshin -潤森-,Hardware > Building Materials > Lumber & Sheet Stock,棚板・カウンター材
base-153488263,一枚板 テーブル天板 無垢材｜クルミ オニグルミ 鬼胡桃 ウォールナット 800mm×340~460mm×44mm,クルミ オニグルミ 鬼胡桃 ウォールナットの一枚板 800mm×340~460mm×44mm。新潟の山から自社で伐採・製材・乾燥した天然木を直販。ご希望サイズへの1カット無料・厚み調整無料。写真の現物1点をお届けします。,https://junshin.base.ec/items/153488263?utm_source=pinterest&utm_medium=catalog&utm_campaign=table,https://base-ec2.akamaized.net/images/item/origin/590fc3035eb29e81e4aa9bf6d2b5d5ef.jpg,9600 JPY,in stock,new,Junshin -潤森-,Hardware > Building Materials > Lumber & Sheet Stock,一枚板テーブル天板
base-153488315,まな板 木製 一枚板｜イタヤカエデ 板谷楓 メープル 600mm×200~390mm×26mm,イタヤカエデ 板谷楓 メープルの一枚板 600mm×200~390mm×26mm。新潟の山から自社で伐採・製材・乾燥した天然木を直販。ご希望サイズへの1カット無料・厚み調整無料。写真の現物1点をお届けします。,https://junshin.base.ec/items/153488315?utm_source=pinterest&utm_medium=catalog&utm_campaign=manaita,https://base-ec2.akamaized.net/images/item/origin/e799c493bd5f71543ebeb83ed74fc90c.jpg,4260 JPY,in stock,new,Junshin -潤森-,Hardware > Building Materials > Lumber & Sheet Stock,まな板材
base-153488350,まな板 木製 一枚板｜シナ シナノキ バスウッド 600mm×353~365mm×23mm,シナ シナノキ バスウッドの一枚板 600mm×353~365mm×23mm。新潟の山から自社で伐採・製材・乾燥した天然木を直販。ご希望サイズへの1カット無料・厚み調整無料。写真の現物1点をお届けします。,https://junshin.base.ec/items/153488350?utm_source=pinterest&utm_medium=catalog&utm_campaign=manaita,https://base-ec2.akamaized.net/images/item/origin/406034fb1fa1310f42844a4d06c94d5e.jpg,3800 JPY,in stock,new,Junshin -潤森-,Hardware > Building Materials > Lumber & Sheet Stock,まな板材
base-153488384,DIY 木材 無垢 クラフト材｜ホオノキ ホオ 朴 650mm×320mm×48mm,ホオノキ ホオ 朴の一枚板 650mm×320mm×48mm。新潟の山から自社で伐採・製材・乾燥した天然木を直販。ご希望サイズへの1カット無料・厚み調整無料。写真の現物1点をお届けします。,https://junshin.base.ec/items/153488384?utm_source=pinterest&utm_medium=catalog&utm_campaign=diy,https://base-ec2.akamaized.net/images/item/origin/e0bcd60b14f8473a5e180fde4aa8102e.jpg,6270 JPY,in stock,new,Junshin -潤森-,Hardware > Building Materials > Lumber & Sheet Stock,DIY・クラフト材
base-153492848,DIY 木材 無垢 クラフト材｜サクラ ヤマザクラ 山桜 チェリー 700mm×270~290mm×37mm,サクラ ヤマザクラ 山桜 チェリーの一枚板 700mm×270~290mm×37mm。新潟の山から自社で伐採・製材・乾燥した天然木を直販。ご希望サイズへの1カット無料・厚み調整無料。写真の現物1点をお届けします。,https://junshin.base.ec/items/153492848?utm_source=pinterest&utm_medium=catalog&utm_campaign=diy,https://base-ec2.akamaized.net/images/item/origin/f8fff3ee43c00ae24edcd35d115b0745.jpg,3970 JPY,in stock,new,Junshin -潤森-,Hardware > Building Materials > Lumber & Sheet Stock,DIY・クラフト材
base-153493074,一枚板 テーブル天板 無垢材｜クルミ オニグルミ 鬼胡桃 ウォールナット 1050mm×256mm×53mm,クルミ オニグルミ 鬼胡桃 ウォールナットの一枚板 1050mm×256mm×53mm。新潟の山から自社で伐採・製材・乾燥した天然木を直販。ご希望サイズへの1カット無料・厚み調整無料。写真の現物1点をお届けします。,https://junshin.base.ec/items/153493074?utm_source=pinterest&utm_medium=catalog&utm_campaign=table,https://base-ec2.akamaized.net/images/item/origin/5795849ea8080ff3f62315019c2089ba.jpg,8910 JPY,in stock,new,Junshin -潤森-,Hardware > Building Materials > Lumber & Sheet Stock,一枚板テーブル天板
base-153493111,棚板 カウンター材 無垢 一枚板｜ケンポナシ 玄圃梨 800mm×205~245mm×27mm,ケンポナシ 玄圃梨の一枚板 800mm×205~245mm×27mm。新潟の山から自社で伐採・製材・乾燥した天然木を直販。ご希望サイズへの1カット無料・厚み調整無料。写真の現物1点をお届けします。,https://junshin.base.ec/items/153493111?utm_source=pinterest&utm_medium=catalog&utm_campaign=shelf,https://base-ec2.akamaized.net/images/item/origin/36da3712176d46eefd78df3e4100cf1e.jpg,5120 JPY,in stock,new,Junshin -潤森-,Hardware > Building Materials > Lumber & Sheet Stock,棚板・カウンター材
base-153493147,一枚板 テーブル天板 無垢材｜サクラ ヤマザクラ 山桜 チェリー 1000mm×307mm×31mm,サクラ ヤマザクラ 山桜 チェリーの一枚板 1000mm×307mm×31mm。新潟の山から自社で伐採・製材・乾燥した天然木を直販。ご希望サイズへの1カット無料・厚み調整無料。写真の現物1点をお届けします。,https://junshin.base.ec/items/153493147?utm_source=pinterest&utm_medium=catalog&utm_campaign=table,https://base-ec2.akamaized.net/images/item/origin/08ca45101e0f7822d58b06475ce41ba5.jpg,6530 JPY,in stock,new,Junshin -潤森-,Hardware > Building Materials > Lumber & Sheet Stock,一枚板テーブル天板
base-153493178,棚板 カウンター材 無垢 一枚板｜サペリ 800mm×~280mm×34mm,サペリの一枚板 800mm×~280mm×34mm。新潟の山から自社で伐採・製材・乾燥した天然木を直販。ご希望サイズへの1カット無料・厚み調整無料。写真の現物1点をお届けします。,https://junshin.base.ec/items/153493178?utm_source=pinterest&utm_medium=catalog&utm_campaign=shelf,https://base-ec2.akamaized.net/images/item/origin/9fbc2738da45766a2a4a55d6aea8df53.jpg,5120 JPY,in stock,new,Junshin -潤森-,Hardware > Building Materials > Lumber & Sheet Stock,棚板・カウンター材
base-153493454,棚板 カウンター材 無垢 一枚板｜クルミ オニグルミ 鬼胡桃 ウォールナット 1420mm×254mm×34mm,クルミ オニグルミ 鬼胡桃 ウォールナットの一枚板 1420mm×254mm×34mm。新潟の山から自社で伐採・製材・乾燥した天然木を直販。ご希望サイズへの1カット無料・厚み調整無料。写真の現物1点をお届けします。,https://junshin.base.ec/items/153493454?utm_source=pinterest&utm_medium=catalog&utm_campaign=shelf,https://base-ec2.akamaized.net/images/item/origin/02a33380443c023234f30e10d4c0b212.jpg,12200 JPY,in stock,new,Junshin -潤森-,Hardware > Building Materials > Lumber & Sheet Stock,棚板・カウンター材
base-153493601,棚板 カウンター材 無垢 一枚板｜マカバ カバ バーチ 950mm×260~280mm×25mm,マカバ カバ バーチの一枚板 950mm×260~280mm×25mm。新潟の山から自社で伐採・製材・乾燥した天然木を直販。ご希望サイズへの1カット無料・厚み調整無料。写真の現物1点をお届けします。,https://junshin.base.ec/items/153493601?utm_source=pinterest&utm_medium=catalog&utm_campaign=shelf,https://base-ec2.akamaized.net/images/item/origin/bedfec2a589b5327037625e1d90e65a3.jpg,4900 JPY,in stock,new,Junshin -潤森-,Hardware > Building Materials > Lumber & Sheet Stock,棚板・カウンター材
base-153493703,一枚板 テーブル天板 無垢材｜ケヤキ 欅 1250mm×350~430mm×30mm,ケヤキ 欅の一枚板 1250mm×350~430mm×30mm。新潟の山から自社で伐採・製材・乾燥した天然木を直販。ご希望サイズへの1カット無料・厚み調整無料。写真の現物1点をお届けします。,https://junshin.base.ec/items/153493703?utm_source=pinterest&utm_medium=catalog&utm_campaign=table,https://base-ec2.akamaized.net/images/item/origin/d4b53fff417bc06ec6e259931fcd8211.jpg,10150 JPY,in stock,new,Junshin -潤森-,Hardware > Building Materials > Lumber & Sheet Stock,一枚板テーブル天板
base-153493805,DIY 木材 無垢 クラフト材｜ホオノキ ホオ 朴 705mm×320mm×50mm,ホオノキ ホオ 朴の一枚板 705mm×320mm×50mm。新潟の山から自社で伐採・製材・乾燥した天然木を直販。ご希望サイズへの1カット無料・厚み調整無料。写真の現物1点をお届けします。,https://junshin.base.ec/items/153493805?utm_source=pinterest&utm_medium=catalog&utm_campaign=diy,https://base-ec2.akamaized.net/images/item/origin/4a96ca0f9ddad75dc60b26653a5ae009.jpg,6930 JPY,in stock,new,Junshin -潤森-,Hardware > Building Materials > Lumber & Sheet Stock,DIY・クラフト材
base-153493829,一枚板 テーブル天板 無垢材｜ケヤキ 欅 1300mm×~380mm×32mm,ケヤキ 欅の一枚板 1300mm×~380mm×32mm。新潟の山から自社で伐採・製材・乾燥した天然木を直販。ご希望サイズへの1カット無料・厚み調整無料。写真の現物1点をお届けします。,https://junshin.base.ec/items/153493829?utm_source=pinterest&utm_medium=catalog&utm_campaign=table,https://base-ec2.akamaized.net/images/item/origin/9714d67d8844d1dff00abb2f896e9e6b.jpg,13400 JPY,in stock,new,Junshin -潤森-,Hardware > Building Materials > Lumber & Sheet Stock,一枚板テーブル天板
base-153493855,一枚板 テーブル天板 無垢材｜サクラ ヤマザクラ 山桜 チェリー 1050mm×200~365mm×28mm,サクラ ヤマザクラ 山桜 チェリーの一枚板 1050mm×200~365mm×28mm。新潟の山から自社で伐採・製材・乾燥した天然木を直販。ご希望サイズへの1カット無料・厚み調整無料。写真の現物1点をお届けします。,https://junshin.base.ec/items/153493855?utm_source=pinterest&utm_medium=catalog&utm_campaign=table,https://base-ec2.akamaized.net/images/item/origin/c1814d3e17d3254cfb421a159bd7e186.jpg,5980 JPY,in stock,new,Junshin -潤森-,Hardware > Building Materials > Lumber & Sheet Stock,一枚板テーブル天板
base-153493890,一枚板 テーブル天板 無垢材｜サクラ ヤマザクラ 山桜 チェリー 900mm×340~413mm×52mm,サクラ ヤマザクラ 山桜 チェリーの一枚板 900mm×340~413mm×52mm。新潟の山から自社で伐採・製材・乾燥した天然木を直販。ご希望サイズへの1カット無料・厚み調整無料。写真の現物1点をお届けします。,https://junshin.base.ec/items/153493890?utm_source=pinterest&utm_medium=catalog&utm_campaign=table,https://base-ec2.akamaized.net/images/item/origin/7d118046c3a3f2ae49a292f573db2e39.jpg,9260 JPY,in stock,new,Junshin -潤森-,Hardware > Building Materials > Lumber & Sheet Stock,一枚板テーブル天板
base-153493921,棚板 カウンター材 無垢 一枚板｜クルミ オニグルミ 鬼胡桃 ウォールナット 1000mm×230~257mm×37mm,クルミ オニグルミ 鬼胡桃 ウォールナットの一枚板 1000mm×230~257mm×37mm。新潟の山から自社で伐採・製材・乾燥した天然木を直販。ご希望サイズへの1カット無料・厚み調整無料。写真の現物1点をお届けします。,https://junshin.base.ec/items/153493921?utm_source=pinterest&utm_medium=catalog&utm_campaign=shelf,https://base-ec2.akamaized.net/images/item/origin/1af1f9d2f483f50abc9e71a5853c6e48.jpg,6490 JPY,in stock,new,Junshin -潤森-,Hardware > Building Materials > Lumber & Sheet Stock,棚板・カウンター材
base-153494017,一枚板 テーブル天板 無垢材｜ケヤキ 欅 1000mm×325mm×35mm,ケヤキ 欅の一枚板 1000mm×325mm×35mm。新潟の山から自社で伐採・製材・乾燥した天然木を直販。ご希望サイズへの1カット無料・厚み調整無料。写真の現物1点をお届けします。,https://junshin.base.ec/items/153494017?utm_source=pinterest&utm_medium=catalog&utm_campaign=table,https://base-ec2.akamaized.net/images/item/origin/de24dd50e831d8fc051661c2fb470954.jpg,6310 JPY,in stock,new,Junshin -潤森-,Hardware > Building Materials > Lumber & Sheet Stock,一枚板テーブル天板
base-153494080,一枚板 テーブル天板 無垢材｜マカバ カバ バーチ 1000mm×326~450mm×30mm,マカバ カバ バーチの一枚板 1000mm×326~450mm×30mm。新潟の山から自社で伐採・製材・乾燥した天然木を直販。ご希望サイズへの1カット無料・厚み調整無料。写真の現物1点をお届けします。,https://junshin.base.ec/items/153494080?utm_source=pinterest&utm_medium=catalog&utm_campaign=table,https://base-ec2.akamaized.net/images/item/origin/b53df1442b6a11eeb089e07cdb857a8b.jpg,10400 JPY,in stock,new,Junshin -潤森-,Hardware > Building Materials > Lumber & Sheet Stock,一枚板テーブル天板
base-153494119,一枚板 テーブル天板 無垢材｜ケヤキ 欅 1000mm×405~620mm×39mm,ケヤキ 欅の一枚板 1000mm×405~620mm×39mm。新潟の山から自社で伐採・製材・乾燥した天然木を直販。ご希望サイズへの1カット無料・厚み調整無料。写真の現物1点をお届けします。,https://junshin.base.ec/items/153494119?utm_source=pinterest&utm_medium=catalog&utm_campaign=table,https://base-ec2.akamaized.net/images/item/origin/8941f3d46576d8b9fd6c8c7f3b1351e3.jpg,16300 JPY,in stock,new,Junshin -潤森-,Hardware > Building Materials > Lumber & Sheet Stock,一枚板テーブル天板
base-153494210,一枚板 テーブル天板 無垢材｜サクラ ヤマザクラ 山桜 チェリー 900mm×300mm×37mm,サクラ ヤマザクラ 山桜 チェリーの一枚板 900mm×300mm×37mm。新潟の山から自社で伐採・製材・乾燥した天然木を直販。ご希望サイズへの1カット無料・厚み調整無料。写真の現物1点をお届けします。,https://junshin.base.ec/items/153494210?utm_source=pinterest&utm_medium=catalog&utm_campaign=table,https://base-ec2.akamaized.net/images/item/origin/61d2ee9ef203dde6c483e21aafb9c88c.jpg,6750 JPY,in stock,new,Junshin -潤森-,Hardware > Building Materials > Lumber & Sheet Stock,一枚板テーブル天板
base-153494297,一枚板 テーブル天板 無垢材｜サクラ ヤマザクラ 山桜 チェリー 850mm×340~353mm×49mm,サクラ ヤマザクラ 山桜 チェリーの一枚板 850mm×340~353mm×49mm。新潟の山から自社で伐採・製材・乾燥した天然木を直販。ご希望サイズへの1カット無料・厚み調整無料。写真の現物1点をお届けします。,https://junshin.base.ec/items/153494297?utm_source=pinterest&utm_medium=catalog&utm_campaign=table,https://base-ec2.akamaized.net/images/item/origin/b29ee14d6abab80616d4767b12bff75b.jpg,8100 JPY,in stock,new,Junshin -潤森-,Hardware > Building Materials > Lumber & Sheet Stock,一枚板テーブル天板
base-153494330,一枚板 テーブル天板 無垢材｜サクラ ヤマザクラ 山桜 チェリー 1200mm×466~472mm×50mm,サクラ ヤマザクラ 山桜 チェリーの一枚板 1200mm×466~472mm×50mm。新潟の山から自社で伐採・製材・乾燥した天然木を直販。ご希望サイズへの1カット無料・厚み調整無料。写真の現物1点をお届けします。,https://junshin.base.ec/items/153494330?utm_source=pinterest&utm_medium=catalog&utm_campaign=table,https://base-ec2.akamaized.net/images/item/origin/80c83edbacbe31e9e289f43a8ec64566.jpg,17000 JPY,in stock,new,Junshin -潤森-,Hardware > Building Materials > Lumber & Sheet Stock,一枚板テーブル天板
base-153494522,DIY 木材 無垢 クラフト材｜ホオノキ ホオ 朴 645mm×280~300mm×53mm,ホオノキ ホオ 朴の一枚板 645mm×280~300mm×53mm。新潟の山から自社で伐採・製材・乾燥した天然木を直販。ご希望サイズへの1カット無料・厚み調整無料。写真の現物1点をお届けします。,https://junshin.base.ec/items/153494522?utm_source=pinterest&utm_medium=catalog&utm_campaign=diy,https://base-ec2.akamaized.net/images/item/origin/1e026704b4bea71d9c579bf74e22a8df.jpg,6270 JPY,in stock,new,Junshin -潤森-,Hardware > Building Materials > Lumber & Sheet Stock,DIY・クラフト材
base-153494573,棚板 カウンター材 無垢 一枚板｜ケヤキ 欅 1100mm×175mm×34mm,ケヤキ 欅の一枚板 1100mm×175mm×34mm。新潟の山から自社で伐採・製材・乾燥した天然木を直販。ご希望サイズへの1カット無料・厚み調整無料。写真の現物1点をお届けします。,https://junshin.base.ec/items/153494573?utm_source=pinterest&utm_medium=catalog&utm_campaign=shelf,https://base-ec2.akamaized.net/images/item/origin/71450c276753286e84d8e0f9af2c1d7b.jpg,4400 JPY,in stock,new,Junshin -潤森-,Hardware > Building Materials > Lumber & Sheet Stock,棚板・カウンター材
base-153494616,DIY 木材 無垢 クラフト材｜ケヤキ 欅 700mm×260~268mm×53mm,ケヤキ 欅の一枚板 700mm×260~268mm×53mm。新潟の山から自社で伐採・製材・乾燥した天然木を直販。ご希望サイズへの1カット無料・厚み調整無料。写真の現物1点をお届けします。,https://junshin.base.ec/items/153494616?utm_source=pinterest&utm_medium=catalog&utm_campaign=diy,https://base-ec2.akamaized.net/images/item/origin/91ee0976baa7ad7ecc39efdd3a12ecf4.jpg,4400 JPY,in stock,new,Junshin -潤森-,Hardware > Building Materials > Lumber & Sheet Stock,DIY・クラフト材
base-153494669,一枚板 テーブル天板 無垢材｜クルミ オニグルミ 鬼胡桃 ウォールナット 1000mm×422~455mm×50mm,クルミ オニグルミ 鬼胡桃 ウォールナットの一枚板 1000mm×422~455mm×50mm。新潟の山から自社で伐採・製材・乾燥した天然木を直販。ご希望サイズへの1カット無料・厚み調整無料。写真の現物1点をお届けします。,https://junshin.base.ec/items/153494669?utm_source=pinterest&utm_medium=catalog&utm_campaign=table,https://base-ec2.akamaized.net/images/item/origin/cdaf3a57290bd0437430bdae1e222171.jpg,13300 JPY,in stock,new,Junshin -潤森-,Hardware > Building Materials > Lumber & Sheet Stock,一枚板テーブル天板
base-153494726,棚板 カウンター材 無垢 一枚板｜エンジュ 槐 900mm×190~270mm×22mm,エンジュ 槐の一枚板 900mm×190~270mm×22mm。新潟の山から自社で伐採・製材・乾燥した天然木を直販。ご希望サイズへの1カット無料・厚み調整無料。写真の現物1点をお届けします。,https://junshin.base.ec/items/153494726?utm_source=pinterest&utm_medium=catalog&utm_campaign=shelf,https://base-ec2.akamaized.net/images/item/origin/4d8ae251e9febdfbb130dcee9bd64a9c.jpg,5100 JPY,in stock,new,Junshin -潤森-,Hardware > Building Materials > Lumber & Sheet Stock,棚板・カウンター材
base-153494769,まな板 木製 一枚板｜サクラ ヤマザクラ 山桜 チェリー 597mm×232~245mm×48mm,サクラ ヤマザクラ 山桜 チェリーの一枚板 597mm×232~245mm×48mm。新潟の山から自社で伐採・製材・乾燥した天然木を直販。ご希望サイズへの1カット無料・厚み調整無料。写真の現物1点をお届けします。,https://junshin.base.ec/items/153494769?utm_source=pinterest&utm_medium=catalog&utm_campaign=manaita,https://base-ec2.akamaized.net/images/item/origin/602e12efa6710bc56017e37b951842bb.jpg,4260 JPY,in stock,new,Junshin -潤森-,Hardware > Building Materials > Lumber & Sheet Stock,まな板材
base-153494819,棚板 カウンター材 無垢 一枚板｜エンジュ 槐 1040mm×225~260mm×24mm,エンジュ 槐の一枚板 1040mm×225~260mm×24mm。新潟の山から自社で伐採・製材・乾燥した天然木を直販。ご希望サイズへの1カット無料・厚み調整無料。写真の現物1点をお届けします。,https://junshin.base.ec/items/153494819?utm_source=pinterest&utm_medium=catalog&utm_campaign=shelf,https://base-ec2.akamaized.net/images/item/origin/7a0018352590eee3f6252b447e1906cb.jpg,7300 JPY,in stock,new,Junshin -潤森-,Hardware > Building Materials > Lumber & Sheet Stock,棚板・カウンター材
base-153494856,まな板 木製 一枚板｜マカバ カバ バーチ 405mm×435~470mm×32mm,マカバ カバ バーチの一枚板 405mm×435~470mm×32mm。新潟の山から自社で伐採・製材・乾燥した天然木を直販。ご希望サイズへの1カット無料・厚み調整無料。写真の現物1点をお届けします。,https://junshin.base.ec/items/153494856?utm_source=pinterest&utm_medium=catalog&utm_campaign=manaita,https://base-ec2.akamaized.net/images/item/origin/1b72237218a64dc62a5600523def65a6.jpg,4320 JPY,in stock,new,Junshin -潤森-,Hardware > Building Materials > Lumber & Sheet Stock,まな板材
base-153494904,棚板 カウンター材 無垢 一枚板｜ケヤキ 欅 1300mm×225~243mm×32mm,ケヤキ 欅の一枚板 1300mm×225~243mm×32mm。新潟の山から自社で伐採・製材・乾燥した天然木を直販。ご希望サイズへの1カット無料・厚み調整無料。写真の現物1点をお届けします。,https://junshin.base.ec/items/153494904?utm_source=pinterest&utm_medium=catalog&utm_campaign=shelf,https://base-ec2.akamaized.net/images/item/origin/715ef96868b17ead70a50d511da42448.jpg,6070 JPY,in stock,new,Junshin -潤森-,Hardware > Building Materials > Lumber & Sheet Stock,棚板・カウンター材
base-153494943,棚板 カウンター材 無垢 一枚板｜クルミ オニグルミ 鬼胡桃 ウォールナット 1000mm×294mm×38mm,クルミ オニグルミ 鬼胡桃 ウォールナットの一枚板 1000mm×294mm×38mm。新潟の山から自社で伐採・製材・乾燥した天然木を直販。ご希望サイズへの1カット無料・厚み調整無料。写真の現物1点をお届けします。,https://junshin.base.ec/items/153494943?utm_source=pinterest&utm_medium=catalog&utm_campaign=shelf,https://base-ec2.akamaized.net/images/item/origin/6b988c4bb7da95ad2d652ae97211a1c9.jpg,7410 JPY,in stock,new,Junshin -潤森-,Hardware > Building Materials > Lumber & Sheet Stock,棚板・カウンター材
base-153495048,一枚板 テーブル天板 無垢材｜サクラ ヤマザクラ 山桜 チェリー 1200mm×450~470mm×50mm,サクラ ヤマザクラ 山桜 チェリーの一枚板 1200mm×450~470mm×50mm。新潟の山から自社で伐採・製材・乾燥した天然木を直販。ご希望サイズへの1カット無料・厚み調整無料。写真の現物1点をお届けします。,https://junshin.base.ec/items/153495048?utm_source=pinterest&utm_medium=catalog&utm_campaign=table,https://base-ec2.akamaized.net/images/item/origin/9a1548e61b9c2133091d4191a66022d2.jpg,17000 JPY,in stock,new,Junshin -潤森-,Hardware > Building Materials > Lumber & Sheet Stock,一枚板テーブル天板
base-153495104,DIY 木材 無垢 クラフト材｜クルミ オニグルミ 鬼胡桃 ウォールナット 647mm×298mm×39mm,クルミ オニグルミ 鬼胡桃 ウォールナットの一枚板 647mm×298mm×39mm。新潟の山から自社で伐採・製材・乾燥した天然木を直販。ご希望サイズへの1カット無料・厚み調整無料。写真の現物1点をお届けします。,https://junshin.base.ec/items/153495104?utm_source=pinterest&utm_medium=catalog&utm_campaign=diy,https://base-ec2.akamaized.net/images/item/origin/1c2d5700add9158c445dc34ff1d1c127.jpg,4320 JPY,in stock,new,Junshin -潤森-,Hardware > Building Materials > Lumber & Sheet Stock,DIY・クラフト材
base-153495159,一枚板 テーブル天板 無垢材｜ケヤキ 欅 900mm×180mm×113mm,ケヤキ 欅の一枚板 900mm×180mm×113mm。新潟の山から自社で伐採・製材・乾燥した天然木を直販。ご希望サイズへの1カット無料・厚み調整無料。写真の現物1点をお届けします。,https://junshin.base.ec/items/153495159?utm_source=pinterest&utm_medium=catalog&utm_campaign=table,https://base-ec2.akamaized.net/images/item/origin/b98203e8717d79a70dbadaadd5282dd9.jpg,8860 JPY,in stock,new,Junshin -潤森-,Hardware > Building Materials > Lumber & Sheet Stock,一枚板テーブル天板
base-153495270,一枚板 テーブル天板 無垢材｜ケヤキ 欅 1200mm×440~495mm×51mm,ケヤキ 欅の一枚板 1200mm×440~495mm×51mm。新潟の山から自社で伐採・製材・乾燥した天然木を直販。ご希望サイズへの1カット無料・厚み調整無料。写真の現物1点をお届けします。,https://junshin.base.ec/items/153495270?utm_source=pinterest&utm_medium=catalog&utm_campaign=table,https://base-ec2.akamaized.net/images/item/origin/bcc66b6bfea260d44fc4ac60c6340b60.jpg,16500 JPY,in stock,new,Junshin -潤森-,Hardware > Building Materials > Lumber & Sheet Stock,一枚板テーブル天板
base-153495325,まな板 木製 一枚板｜ケヤキ 欅 395mm×180~185mm×114mm,ケヤキ 欅の一枚板 395mm×180~185mm×114mm。新潟の山から自社で伐採・製材・乾燥した天然木を直販。ご希望サイズへの1カット無料・厚み調整無料。写真の現物1点をお届けします。,https://junshin.base.ec/items/153495325?utm_source=pinterest&utm_medium=catalog&utm_campaign=manaita,https://base-ec2.akamaized.net/images/item/origin/57ef12591eb66ba7ce9bb467bd2cef70.jpg,4400 JPY,in stock,new,Junshin -潤森-,Hardware > Building Materials > Lumber & Sheet Stock,まな板材
base-153495468,DIY 木材 無垢 クラフト材｜ケヤキ 欅 750mm×430~440mm×53mm,ケヤキ 欅の一枚板 750mm×430~440mm×53mm。新潟の山から自社で伐採・製材・乾燥した天然木を直販。ご希望サイズへの1カット無料・厚み調整無料。写真の現物1点をお届けします。,https://junshin.base.ec/items/153495468?utm_source=pinterest&utm_medium=catalog&utm_campaign=diy,https://base-ec2.akamaized.net/images/item/origin/7cd6cfee78beead13ab402552d1df588.jpg,10500 JPY,in stock,new,Junshin -潤森-,Hardware > Building Materials > Lumber & Sheet Stock,DIY・クラフト材
base-153495533,一枚板 テーブル天板 無垢材｜イタヤカエデ 板谷楓 メープル 895mm×420~495mm×33mm,イタヤカエデ 板谷楓 メープルの一枚板 895mm×420~495mm×33mm。新潟の山から自社で伐採・製材・乾燥した天然木を直販。ご希望サイズへの1カット無料・厚み調整無料。写真の現物1点をお届けします。,https://junshin.base.ec/items/153495533?utm_source=pinterest&utm_medium=catalog&utm_campaign=table,https://base-ec2.akamaized.net/images/item/origin/c4051a38d8b0416de450d66842350d92.jpg,15600 JPY,in stock,new,Junshin -潤森-,Hardware > Building Materials > Lumber & Sheet Stock,一枚板テーブル天板
base-153495565,DIY 木材 無垢 クラフト材｜ケヤキ 欅 695mm×182mm×113mm,ケヤキ 欅の一枚板 695mm×182mm×113mm。新潟の山から自社で伐採・製材・乾燥した天然木を直販。ご希望サイズへの1カット無料・厚み調整無料。写真の現物1点をお届けします。,https://junshin.base.ec/items/153495565?utm_source=pinterest&utm_medium=catalog&utm_campaign=diy,https://base-ec2.akamaized.net/images/item/origin/f873f69bc0c2ffe42dce2ed4d58e19ac.jpg,7220 JPY,in stock,new,Junshin -潤森-,Hardware > Building Materials > Lumber & Sheet Stock,DIY・クラフト材
base-153495609,一枚板 テーブル天板 無垢材｜サクラ ヤマザクラ 山桜 チェリー 1400mm×303mm×35mm,サクラ ヤマザクラ 山桜 チェリーの一枚板 1400mm×303mm×35mm。新潟の山から自社で伐採・製材・乾燥した天然木を直販。ご希望サイズへの1カット無料・厚み調整無料。写真の現物1点をお届けします。,https://junshin.base.ec/items/153495609?utm_source=pinterest&utm_medium=catalog&utm_campaign=table,https://base-ec2.akamaized.net/images/item/origin/5ff6f38adb4243b0450d9fb7a95352f7.jpg,10370 JPY,in stock,new,Junshin -潤森-,Hardware > Building Materials > Lumber & Sheet Stock,一枚板テーブル天板
base-153495704,まな板 木製 一枚板｜サクラ ヤマザクラ 山桜 チェリー 600mm×230~290mm×40mm,サクラ ヤマザクラ 山桜 チェリーの一枚板 600mm×230~290mm×40mm。新潟の山から自社で伐採・製材・乾燥した天然木を直販。ご希望サイズへの1カット無料・厚み調整無料。写真の現物1点をお届けします。,https://junshin.base.ec/items/153495704?utm_source=pinterest&utm_medium=catalog&utm_campaign=manaita,https://base-ec2.akamaized.net/images/item/origin/35b78165211711e1de79618bc703ede0.jpg,4000 JPY,in stock,new,Junshin -潤森-,Hardware > Building Materials > Lumber & Sheet Stock,まな板材
base-153495753,DIY 木材 無垢 クラフト材｜ローズウッド 500mm×~30mm×33mm,ローズウッドの一枚板 500mm×~30mm×33mm。新潟の山から自社で伐採・製材・乾燥した天然木を直販。ご希望サイズへの1カット無料・厚み調整無料。写真の現物1点をお届けします。,https://junshin.base.ec/items/153495753?utm_source=pinterest&utm_medium=catalog&utm_campaign=diy,https://base-ec2.akamaized.net/images/item/origin/54515c9a312e2dde4994a40e9ceaa40b.jpg,19300 JPY,in stock,new,Junshin -潤森-,Hardware > Building Materials > Lumber & Sheet Stock,DIY・クラフト材
base-153495795,一枚板 テーブル天板 無垢材｜クルミ オニグルミ 鬼胡桃 ウォールナット 997mm×198mm×52mm,クルミ オニグルミ 鬼胡桃 ウォールナットの一枚板 997mm×198mm×52mm。新潟の山から自社で伐採・製材・乾燥した天然木を直販。ご希望サイズへの1カット無料・厚み調整無料。写真の現物1点をお届けします。,https://junshin.base.ec/items/153495795?utm_source=pinterest&utm_medium=catalog&utm_campaign=table,https://base-ec2.akamaized.net/images/item/origin/d7ac4f03be574946fa38ac41232bdb2a.jpg,6500 JPY,in stock,new,Junshin -潤森-,Hardware > Building Materials > Lumber & Sheet Stock,一枚板テーブル天板
base-153495861,DIY 木材 無垢 クラフト材｜イタヤカエデ 板谷楓 メープル 700mm×290~330mm×22mm,イタヤカエデ 板谷楓 メープルの一枚板 700mm×290~330mm×22mm。新潟の山から自社で伐採・製材・乾燥した天然木を直販。ご希望サイズへの1カット無料・厚み調整無料。写真の現物1点をお届けします。,https://junshin.base.ec/items/153495861?utm_source=pinterest&utm_medium=catalog&utm_campaign=diy,https://base-ec2.akamaized.net/images/item/origin/e7f5d95922d4c6132823015c1fd12463.jpg,3780 JPY,in stock,new,Junshin -潤森-,Hardware > Building Materials > Lumber & Sheet Stock,DIY・クラフト材
base-153495987,一枚板 テーブル天板 無垢材｜ケヤキ 欅 1300mm×185mm×104mm,ケヤキ 欅の一枚板 1300mm×185mm×104mm。新潟の山から自社で伐採・製材・乾燥した天然木を直販。ご希望サイズへの1カット無料・厚み調整無料。写真の現物1点をお届けします。,https://junshin.base.ec/items/153495987?utm_source=pinterest&utm_medium=catalog&utm_campaign=table,https://base-ec2.akamaized.net/images/item/origin/82b5f2a35ebb53d211dad0d6d341017a.jpg,12000 JPY,in stock,new,Junshin -潤森-,Hardware > Building Materials > Lumber & Sheet Stock,一枚板テーブル天板
base-153496095,まな板 木製 一枚板｜ケヤキ 欅 598mm×300~313mm×53mm,ケヤキ 欅の一枚板 598mm×300~313mm×53mm。新潟の山から自社で伐採・製材・乾燥した天然木を直販。ご希望サイズへの1カット無料・厚み調整無料。写真の現物1点をお届けします。,https://junshin.base.ec/items/153496095?utm_source=pinterest&utm_medium=catalog&utm_campaign=manaita,https://base-ec2.akamaized.net/images/item/origin/2372a573567cf107f27feb28f2db4b7d.jpg,4800 JPY,in stock,new,Junshin -潤森-,Hardware > Building Materials > Lumber & Sheet Stock,まな板材
base-153496131,DIY 木材 無垢 クラフト材｜サクラ ヤマザクラ 山桜 チェリー 700mm×335~365mm×40mm,サクラ ヤマザクラ 山桜 チェリーの一枚板 700mm×335~365mm×40mm。新潟の山から自社で伐採・製材・乾燥した天然木を直販。ご希望サイズへの1カット無料・厚み調整無料。写真の現物1点をお届けします。,https://junshin.base.ec/items/153496131?utm_source=pinterest&utm_medium=catalog&utm_campaign=diy,https://base-ec2.akamaized.net/images/item/origin/79f454f14b143d074a3836d262abdbd2.jpg,6360 JPY,in stock,new,Junshin -潤森-,Hardware > Building Materials > Lumber & Sheet Stock,DIY・クラフト材
base-153496173,一枚板 テーブル天板 無垢材｜ケヤキ 欅 900mm×500mm×53mm,ケヤキ 欅の一枚板 900mm×500mm×53mm。新潟の山から自社で伐採・製材・乾燥した天然木を直販。ご希望サイズへの1カット無料・厚み調整無料。写真の現物1点をお届けします。,https://junshin.base.ec/items/153496173?utm_source=pinterest&utm_medium=catalog&utm_campaign=table,https://base-ec2.akamaized.net/images/item/origin/f9f1af60f10dfb804ec76eebcd533eb8.jpg,12560 JPY,in stock,new,Junshin -潤森-,Hardware > Building Materials > Lumber & Sheet Stock,一枚板テーブル天板
base-153496208,DIY 木材 無垢 クラフト材｜ケヤキ 欅 700mm×195~200mm×54mm,ケヤキ 欅の一枚板 700mm×195~200mm×54mm。新潟の山から自社で伐採・製材・乾燥した天然木を直販。ご希望サイズへの1カット無料・厚み調整無料。写真の現物1点をお届けします。,https://junshin.base.ec/items/153496208?utm_source=pinterest&utm_medium=catalog&utm_campaign=diy,https://base-ec2.akamaized.net/images/item/origin/4b31abe8d2747bffbe430214a6a54e21.jpg,4000 JPY,in stock,new,Junshin -潤森-,Hardware > Building Materials > Lumber & Sheet Stock,DIY・クラフト材
base-153496243,DIY 木材 無垢 クラフト材｜サクラ ヤマザクラ 山桜 チェリー 700mm×290mm×38mm,サクラ ヤマザクラ 山桜 チェリーの一枚板 700mm×290mm×38mm。新潟の山から自社で伐採・製材・乾燥した天然木を直販。ご希望サイズへの1カット無料・厚み調整無料。写真の現物1点をお届けします。,https://junshin.base.ec/items/153496243?utm_source=pinterest&utm_medium=catalog&utm_campaign=diy,https://base-ec2.akamaized.net/images/item/origin/a2c11646df2dc19141dda7e50e7d4313.jpg,4360 JPY,in stock,new,Junshin -潤森-,Hardware > Building Materials > Lumber & Sheet Stock,DIY・クラフト材
base-153496281,DIY 木材 無垢 クラフト材｜クルミ オニグルミ 鬼胡桃 ウォールナット 790mm×310mm×29mm,クルミ オニグルミ 鬼胡桃 ウォールナットの一枚板 790mm×310mm×29mm。新潟の山から自社で伐採・製材・乾燥した天然木を直販。ご希望サイズへの1カット無料・厚み調整無料。写真の現物1点をお届けします。,https://junshin.base.ec/items/153496281?utm_source=pinterest&utm_medium=catalog&utm_campaign=diy,https://base-ec2.akamaized.net/images/item/origin/f7aa34ce4fdecdc62ada24b79be0a604.jpg,5120 JPY,in stock,new,Junshin -潤森-,Hardware > Building Materials > Lumber & Sheet Stock,DIY・クラフト材
base-153496314,棚板 カウンター材 無垢 一枚板｜サクラ ヤマザクラ 山桜 チェリー 1200mm×240~298mm×38mm,サクラ ヤマザクラ 山桜 チェリーの一枚板 1200mm×240~298mm×38mm。新潟の山から自社で伐採・製材・乾燥した天然木を直販。ご希望サイズへの1カット無料・厚み調整無料。写真の現物1点をお届けします。,https://junshin.base.ec/items/153496314?utm_source=pinterest&utm_medium=catalog&utm_campaign=shelf,https://base-ec2.akamaized.net/images/item/origin/932cd0ff85a6d5fcfde8d9e73c1b866c.jpg,7220 JPY,in stock,new,Junshin -潤森-,Hardware > Building Materials > Lumber & Sheet Stock,棚板・カウンター材
base-153496360,一枚板 テーブル天板 無垢材｜ケヤキ 欅 1500mm×325~380mm×33mm,ケヤキ 欅の一枚板 1500mm×325~380mm×33mm。新潟の山から自社で伐採・製材・乾燥した天然木を直販。ご希望サイズへの1カット無料・厚み調整無料。写真の現物1点をお届けします。,https://junshin.base.ec/items/153496360?utm_source=pinterest&utm_medium=catalog&utm_campaign=table,https://base-ec2.akamaized.net/images/item/origin/3f856536b2230e54978b0e689dc2085f.jpg,10980 JPY,in stock,new,Junshin -潤森-,Hardware > Building Materials > Lumber & Sheet Stock,一枚板テーブル天板
base-153496415,棚板 カウンター材 無垢 一枚板｜クリ 栗 チェスナット 1500mm×250~295mm×23mm,クリ 栗 チェスナットの一枚板 1500mm×250~295mm×23mm。新潟の山から自社で伐採・製材・乾燥した天然木を直販。ご希望サイズへの1カット無料・厚み調整無料。写真の現物1点をお届けします。,https://junshin.base.ec/items/153496415?utm_source=pinterest&utm_medium=catalog&utm_campaign=shelf,https://base-ec2.akamaized.net/images/item/origin/58747b31b1f19bb90402e3474e995d6c.jpg,8560 JPY,in stock,new,Junshin -潤森-,Hardware > Building Materials > Lumber & Sheet Stock,棚板・カウンター材
base-153496461,一枚板 テーブル天板 無垢材｜クルミ オニグルミ 鬼胡桃 ウォールナット 1000mm×430~464mm×51mm,クルミ オニグルミ 鬼胡桃 ウォールナットの一枚板 1000mm×430~464mm×51mm。新潟の山から自社で伐採・製材・乾燥した天然木を直販。ご希望サイズへの1カット無料・厚み調整無料。写真の現物1点をお届けします。,https://junshin.base.ec/items/153496461?utm_source=pinterest&utm_medium=catalog&utm_campaign=table,https://base-ec2.akamaized.net/images/item/origin/f3c6c79df41001e4e5606e89cf8c19e1.jpg,13700 JPY,in stock,new,Junshin -潤森-,Hardware > Building Materials > Lumber & Sheet Stock,一枚板テーブル天板
base-153496563,まな板 木製 一枚板｜イタヤカエデ 板谷楓 メープル 600mm×260~315mm×19mm,イタヤカエデ 板谷楓 メープルの一枚板 600mm×260~315mm×19mm。新潟の山から自社で伐採・製材・乾燥した天然木を直販。ご希望サイズへの1カット無料・厚み調整無料。写真の現物1点をお届けします。,https://junshin.base.ec/items/153496563?utm_source=pinterest&utm_medium=catalog&utm_campaign=manaita,https://base-ec2.akamaized.net/images/item/origin/5caffdd9c82efedfb73da83bc7b47297.jpg,3970 JPY,in stock,new,Junshin -潤森-,Hardware > Building Materials > Lumber & Sheet Stock,まな板材
base-153496609,まな板 木製 一枚板｜サクラ ヤマザクラ 山桜 チェリー 500mm×440~470mm×52mm,サクラ ヤマザクラ 山桜 チェリーの一枚板 500mm×440~470mm×52mm。新潟の山から自社で伐採・製材・乾燥した天然木を直販。ご希望サイズへの1カット無料・厚み調整無料。写真の現物1点をお届けします。,https://junshin.base.ec/items/153496609?utm_source=pinterest&utm_medium=catalog&utm_campaign=manaita,https://base-ec2.akamaized.net/images/item/origin/7e5934af88efee09e41d090231cf7a0d.jpg,6300 JPY,in stock,new,Junshin -潤森-,Hardware > Building Materials > Lumber & Sheet Stock,まな板材
base-153496646,まな板 木製 一枚板｜マカバ カバ バーチ 385mm×485~570mm×33mm,マカバ カバ バーチの一枚板 385mm×485~570mm×33mm。新潟の山から自社で伐採・製材・乾燥した天然木を直販。ご希望サイズへの1カット無料・厚み調整無料。写真の現物1点をお届けします。,https://junshin.base.ec/items/153496646?utm_source=pinterest&utm_medium=catalog&utm_campaign=manaita,https://base-ec2.akamaized.net/images/item/origin/382a96bc516ae643bebb5c8fe0ef816a.jpg,4890 JPY,in stock,new,Junshin -潤森-,Hardware > Building Materials > Lumber & Sheet Stock,まな板材
base-153496685,棚板 カウンター材 無垢 一枚板｜クルミ オニグルミ 鬼胡桃 ウォールナット 800mm×250~260mm×33mm,クルミ オニグルミ 鬼胡桃 ウォールナットの一枚板 800mm×250~260mm×33mm。新潟の山から自社で伐採・製材・乾燥した天然木を直販。ご希望サイズへの1カット無料・厚み調整無料。写真の現物1点をお届けします。,https://junshin.base.ec/items/153496685?utm_source=pinterest&utm_medium=catalog&utm_campaign=shelf,https://base-ec2.akamaized.net/images/item/origin/ca5f17605bac48e2869cfad1246e15e9.jpg,4800 JPY,in stock,new,Junshin -潤森-,Hardware > Building Materials > Lumber & Sheet Stock,棚板・カウンター材
base-153496726,一枚板 テーブル天板 無垢材｜サクラ ヤマザクラ 山桜 チェリー 950mm×307mm×31mm,サクラ ヤマザクラ 山桜 チェリーの一枚板 950mm×307mm×31mm。新潟の山から自社で伐採・製材・乾燥した天然木を直販。ご希望サイズへの1カット無料・厚み調整無料。写真の現物1点をお届けします。,https://junshin.base.ec/items/153496726?utm_source=pinterest&utm_medium=catalog&utm_campaign=table,https://base-ec2.akamaized.net/images/item/origin/d1cd8f93863ce8cb697ac3cb03ba40a4.jpg,6310 JPY,in stock,new,Junshin -潤森-,Hardware > Building Materials > Lumber & Sheet Stock,一枚板テーブル天板
base-153496775,一枚板 テーブル天板 無垢材｜マカバ カバ バーチ 950mm×270~305mm×28mm,マカバ カバ バーチの一枚板 950mm×270~305mm×28mm。新潟の山から自社で伐採・製材・乾燥した天然木を直販。ご希望サイズへの1カット無料・厚み調整無料。写真の現物1点をお届けします。,https://junshin.base.ec/items/153496775?utm_source=pinterest&utm_medium=catalog&utm_campaign=table,https://base-ec2.akamaized.net/images/item/origin/ecae3182c6ee4c60cf308740a7634daf.jpg,5400 JPY,in stock,new,Junshin -潤森-,Hardware > Building Materials > Lumber & Sheet Stock,一枚板テーブル天板
base-153496830,一枚板 テーブル天板 無垢材｜サクラ ヤマザクラ 山桜 チェリー 1450mm×245~370mm×30mm,サクラ ヤマザクラ 山桜 チェリーの一枚板 1450mm×245~370mm×30mm。新潟の山から自社で伐採・製材・乾燥した天然木を直販。ご希望サイズへの1カット無料・厚み調整無料。写真の現物1点をお届けします。,https://junshin.base.ec/items/153496830?utm_source=pinterest&utm_medium=catalog&utm_campaign=table,https://base-ec2.akamaized.net/images/item/origin/67a63d30f60ae216df9226488e5eabc4.jpg,10980 JPY,in stock,new,Junshin -潤森-,Hardware > Building Materials > Lumber & Sheet Stock,一枚板テーブル天板
base-153496875,棚板 カウンター材 無垢 一枚板｜ケヤキ 欅 1500mm×270mm×33mm,ケヤキ 欅の一枚板 1500mm×270mm×33mm。新潟の山から自社で伐採・製材・乾燥した天然木を直販。ご希望サイズへの1カット無料・厚み調整無料。写真の現物1点をお届けします。,https://junshin.base.ec/items/153496875?utm_source=pinterest&utm_medium=catalog&utm_campaign=shelf,https://base-ec2.akamaized.net/images/item/origin/d5085799ac34d5bbd82bf3eacee928e8.jpg,8890 JPY,in stock,new,Junshin -潤森-,Hardware > Building Materials > Lumber & Sheet Stock,棚板・カウンター材
base-153496951,一枚板 テーブル天板 無垢材｜イチョウ 銀杏 898mm×290~303mm×31mm,イチョウ 銀杏の一枚板 898mm×290~303mm×31mm。新潟の山から自社で伐採・製材・乾燥した天然木を直販。ご希望サイズへの1カット無料・厚み調整無料。写真の現物1点をお届けします。,https://junshin.base.ec/items/153496951?utm_source=pinterest&utm_medium=catalog&utm_campaign=table,https://base-ec2.akamaized.net/images/item/origin/0845df5bb8eb36cfb3120b0de5f27552.jpg,5210 JPY,in stock,new,Junshin -潤森-,Hardware > Building Materials > Lumber & Sheet Stock,一枚板テーブル天板
base-153496985,一枚板 テーブル天板 無垢材｜サクラ ヤマザクラ 山桜 チェリー 1400mm×385~470mm×49mm,サクラ ヤマザクラ 山桜 チェリーの一枚板 1400mm×385~470mm×49mm。新潟の山から自社で伐採・製材・乾燥した天然木を直販。ご希望サイズへの1カット無料・厚み調整無料。写真の現物1点をお届けします。,https://junshin.base.ec/items/153496985?utm_source=pinterest&utm_medium=catalog&utm_campaign=table,https://base-ec2.akamaized.net/images/item/origin/86a72a6e22708bad7065f68b53807de3.jpg,17700 JPY,in stock,new,Junshin -潤森-,Hardware > Building Materials > Lumber & Sheet Stock,一枚板テーブル天板
base-153497030,棚板 カウンター材 無垢 一枚板｜エンジュ 槐 1000mm×260~275mm×25mm,エンジュ 槐の一枚板 1000mm×260~275mm×25mm。新潟の山から自社で伐採・製材・乾燥した天然木を直販。ご希望サイズへの1カット無料・厚み調整無料。写真の現物1点をお届けします。,https://junshin.base.ec/items/153497030?utm_source=pinterest&utm_medium=catalog&utm_campaign=shelf,https://base-ec2.akamaized.net/images/item/origin/91b1d25f5274db3159e246c7d496cba7.jpg,8400 JPY,in stock,new,Junshin -潤森-,Hardware > Building Materials > Lumber & Sheet Stock,棚板・カウンター材
base-153497087,一枚板 テーブル天板 無垢材｜サクラ ヤマザクラ 山桜 チェリー 1300mm×460~480mm×51mm,サクラ ヤマザクラ 山桜 チェリーの一枚板 1300mm×460~480mm×51mm。新潟の山から自社で伐採・製材・乾燥した天然木を直販。ご希望サイズへの1カット無料・厚み調整無料。写真の現物1点をお届けします。,https://junshin.base.ec/items/153497087?utm_source=pinterest&utm_medium=catalog&utm_campaign=table,https://base-ec2.akamaized.net/images/item/origin/c1469c970656c06bde912616a1f3e508.jpg,17600 JPY,in stock,new,Junshin -潤森-,Hardware > Building Materials > Lumber & Sheet Stock,一枚板テーブル天板
base-153497136,棚板 カウンター材 無垢 一枚板｜イチョウ 銀杏 1148mm×262~275mm×34mm,イチョウ 銀杏の一枚板 1148mm×262~275mm×34mm。新潟の山から自社で伐採・製材・乾燥した天然木を直販。ご希望サイズへの1カット無料・厚み調整無料。写真の現物1点をお届けします。,https://junshin.base.ec/items/153497136?utm_source=pinterest&utm_medium=catalog&utm_campaign=shelf,https://base-ec2.akamaized.net/images/item/origin/33fefa858df663e7cfa1d4ce32fb27f9.jpg,7390 JPY,in stock,new,Junshin -潤森-,Hardware > Building Materials > Lumber & Sheet Stock,棚板・カウンター材
base-153497287,一枚板 テーブル天板 無垢材｜サクラ ヤマザクラ 山桜 チェリー 1200mm×320~325mm×26mm,サクラ ヤマザクラ 山桜 チェリーの一枚板 1200mm×320~325mm×26mm。新潟の山から自社で伐採・製材・乾燥した天然木を直販。ご希望サイズへの1カット無料・厚み調整無料。写真の現物1点をお届けします。,https://junshin.base.ec/items/153497287?utm_source=pinterest&utm_medium=catalog&utm_campaign=table,https://base-ec2.akamaized.net/images/item/origin/9b8eab010e66d2103bac0015ede7bb37.jpg,7060 JPY,in stock,new,Junshin -潤森-,Hardware > Building Materials > Lumber & Sheet Stock,一枚板テーブル天板
base-153497318,一枚板 テーブル天板 無垢材｜イタヤカエデ 板谷楓 メープル 1580mm×315~365mm×19mm,イタヤカエデ 板谷楓 メープルの一枚板 1580mm×315~365mm×19mm。新潟の山から自社で伐採・製材・乾燥した天然木を直販。ご希望サイズへの1カット無料・厚み調整無料。写真の現物1点をお届けします。,https://junshin.base.ec/items/153497318?utm_source=pinterest&utm_medium=catalog&utm_campaign=table,https://base-ec2.akamaized.net/images/item/origin/73018da2445987af67c34c62eaddd639.jpg,13180 JPY,in stock,new,Junshin -潤森-,Hardware > Building Materials > Lumber & Sheet Stock,一枚板テーブル天板
base-153497379,棚板 カウンター材 無垢 一枚板｜イチョウ 銀杏 800mm×267~278mm×32mm,イチョウ 銀杏の一枚板 800mm×267~278mm×32mm。新潟の山から自社で伐採・製材・乾燥した天然木を直販。ご希望サイズへの1カット無料・厚み調整無料。写真の現物1点をお届けします。,https://junshin.base.ec/items/153497379?utm_source=pinterest&utm_medium=catalog&utm_campaign=shelf,https://base-ec2.akamaized.net/images/item/origin/9a3f4b7adbd9f7e901865d5386a71efe.jpg,5230 JPY,in stock,new,Junshin -潤森-,Hardware > Building Materials > Lumber & Sheet Stock,棚板・カウンター材
base-153497434,一枚板 テーブル天板 無垢材｜サクラ ヤマザクラ 山桜 チェリー 1002mm×228mm×46mm,サクラ ヤマザクラ 山桜 チェリーの一枚板 1002mm×228mm×46mm。新潟の山から自社で伐採・製材・乾燥した天然木を直販。ご希望サイズへの1カット無料・厚み調整無料。写真の現物1点をお届けします。,https://junshin.base.ec/items/153497434?utm_source=pinterest&utm_medium=catalog&utm_campaign=table,https://base-ec2.akamaized.net/images/item/origin/0071bce201850b616c713df9227ff13e.jpg,6900 JPY,in stock,new,Junshin -潤森-,Hardware > Building Materials > Lumber & Sheet Stock,一枚板テーブル天板
base-153497507,棚板 カウンター材 無垢 一枚板｜サペリ 975mm×~275mm×31mm,サペリの一枚板 975mm×~275mm×31mm。新潟の山から自社で伐採・製材・乾燥した天然木を直販。ご希望サイズへの1カット無料・厚み調整無料。写真の現物1点をお届けします。,https://junshin.base.ec/items/153497507?utm_source=pinterest&utm_medium=catalog&utm_campaign=shelf,https://base-ec2.akamaized.net/images/item/origin/aa06f3b2bfc582c578d8e0be24ff2c9e.jpg,6420 JPY,in stock,new,Junshin -潤森-,Hardware > Building Materials > Lumber & Sheet Stock,棚板・カウンター材
base-153497561,棚板 カウンター材 無垢 一枚板｜ダークレッドメランチ ラワン類 外材 1100mm×240~245mm×22mm,ダークレッドメランチ ラワン類 外材の一枚板 1100mm×240~245mm×22mm。新潟の山から自社で伐採・製材・乾燥した天然木を直販。ご希望サイズへの1カット無料・厚み調整無料。写真の現物1点をお届けします。,https://junshin.base.ec/items/153497561?utm_source=pinterest&utm_medium=catalog&utm_campaign=shelf,https://base-ec2.akamaized.net/images/item/origin/701d98c73633417299261c4a937fbe73.jpg,6780 JPY,in stock,new,Junshin -潤森-,Hardware > Building Materials > Lumber & Sheet Stock,棚板・カウンター材
base-153497605,棚板 カウンター材 無垢 一枚板｜シナ シナノキ バスウッド 900mm×176~234mm×22mm,シナ シナノキ バスウッドの一枚板 900mm×176~234mm×22mm。新潟の山から自社で伐採・製材・乾燥した天然木を直販。ご希望サイズへの1カット無料・厚み調整無料。写真の現物1点をお届けします。,https://junshin.base.ec/items/153497605?utm_source=pinterest&utm_medium=catalog&utm_campaign=shelf,https://base-ec2.akamaized.net/images/item/origin/fca6ddc03531b0549413b12276e77666.jpg,3400 JPY,in stock,new,Junshin -潤森-,Hardware > Building Materials > Lumber & Sheet Stock,棚板・カウンター材
base-153497660,一枚板 テーブル天板 無垢材｜マカバ カバ バーチ 1500mm×270~420mm×33mm,マカバ カバ バーチの一枚板 1500mm×270~420mm×33mm。新潟の山から自社で伐採・製材・乾燥した天然木を直販。ご希望サイズへの1カット無料・厚み調整無料。写真の現物1点をお届けします。,https://junshin.base.ec/items/153497660?utm_source=pinterest&utm_medium=catalog&utm_campaign=table,https://base-ec2.akamaized.net/images/item/origin/7a01f9c10a6b77c2edb3ec20ff49fd19.jpg,14300 JPY,in stock,new,Junshin -潤森-,Hardware > Building Materials > Lumber & Sheet Stock,一枚板テーブル天板
base-153497706,棚板 カウンター材 無垢 一枚板｜サクラ ヤマザクラ 山桜 チェリー 1300mm×290mm×37mm,サクラ ヤマザクラ 山桜 チェリーの一枚板 1300mm×290mm×37mm。新潟の山から自社で伐採・製材・乾燥した天然木を直販。ご希望サイズへの1カット無料・厚み調整無料。写真の現物1点をお届けします。,https://junshin.base.ec/items/153497706?utm_source=pinterest&utm_medium=catalog&utm_campaign=shelf,https://base-ec2.akamaized.net/images/item/origin/3248ba01dbdd27437000cccbcbc5e37f.jpg,9900 JPY,in stock,new,Junshin -潤森-,Hardware > Building Materials > Lumber & Sheet Stock,棚板・カウンター材
base-153497759,DIY 木材 無垢 クラフト材｜イタヤカエデ 板谷楓 メープル 780mm×350~550mm×35mm,イタヤカエデ 板谷楓 メープルの一枚板 780mm×350~550mm×35mm。新潟の山から自社で伐採・製材・乾燥した天然木を直販。ご希望サイズへの1カット無料・厚み調整無料。写真の現物1点をお届けします。,https://junshin.base.ec/items/153497759?utm_source=pinterest&utm_medium=catalog&utm_campaign=diy,https://base-ec2.akamaized.net/images/item/origin/2f02d2cf0bc26ee89745b7fae12ae496.jpg,17600 JPY,in stock,new,Junshin -潤森-,Hardware > Building Materials > Lumber & Sheet Stock,DIY・クラフト材
base-153497815,一枚板 テーブル天板 無垢材｜ケヤキ 欅 1100mm×390~580mm×34mm,ケヤキ 欅の一枚板 1100mm×390~580mm×34mm。新潟の山から自社で伐採・製材・乾燥した天然木を直販。ご希望サイズへの1カット無料・厚み調整無料。写真の現物1点をお届けします。,https://junshin.base.ec/items/153497815?utm_source=pinterest&utm_medium=catalog&utm_campaign=table,https://base-ec2.akamaized.net/images/item/origin/c6195da78b1cec50feac16d69b28d4b6.jpg,15000 JPY,in stock,new,Junshin -潤森-,Hardware > Building Materials > Lumber & Sheet Stock,一枚板テーブル天板
base-153497876,棚板 カウンター材 無垢 一枚板｜クルミ オニグルミ 鬼胡桃 ウォールナット 1565mm×0~220mm×32mm,クルミ オニグルミ 鬼胡桃 ウォールナットの一枚板 1565mm×0~220mm×32mm。新潟の山から自社で伐採・製材・乾燥した天然木を直販。ご希望サイズへの1カット無料・厚み調整無料。写真の現物1点をお届けします。,https://junshin.base.ec/items/153497876?utm_source=pinterest&utm_medium=catalog&utm_campaign=shelf,https://base-ec2.akamaized.net/images/item/origin/36041bb01e63f112ae59df5f8b4f248d.jpg,8200 JPY,in stock,new,Junshin -潤森-,Hardware > Building Materials > Lumber & Sheet Stock,棚板・カウンター材
base-153498106,一枚板 テーブル天板 無垢材｜サクラ ヤマザクラ 山桜 チェリー 1250mm×265~435mm×49mm,サクラ ヤマザクラ 山桜 チェリーの一枚板 1250mm×265~435mm×49mm。新潟の山から自社で伐採・製材・乾燥した天然木を直販。ご希望サイズへの1カット無料・厚み調整無料。写真の現物1点をお届けします。,https://junshin.base.ec/items/153498106?utm_source=pinterest&utm_medium=catalog&utm_campaign=table,https://base-ec2.akamaized.net/images/item/origin/04de32e6a537c047a6ddfb25f7447e02.jpg,15300 JPY,in stock,new,Junshin -潤森-,Hardware > Building Materials > Lumber & Sheet Stock,一枚板テーブル天板
base-153498263,棚板 カウンター材 無垢 一枚板｜クリ 栗 チェスナット 1670mm×225~240mm×22mm,クリ 栗 チェスナットの一枚板 1670mm×225~240mm×22mm。新潟の山から自社で伐採・製材・乾燥した天然木を直販。ご希望サイズへの1カット無料・厚み調整無料。写真の現物1点をお届けします。,https://junshin.base.ec/items/153498263?utm_source=pinterest&utm_medium=catalog&utm_campaign=shelf,https://base-ec2.akamaized.net/images/item/origin/703fa949964e225527e803755215225a.jpg,7640 JPY,in stock,new,Junshin -潤森-,Hardware > Building Materials > Lumber & Sheet Stock,棚板・カウンター材
base-153498454,棚板 カウンター材 無垢 一枚板｜エンジュ 槐 990mm×150~225mm×23mm,エンジュ 槐の一枚板 990mm×150~225mm×23mm。新潟の山から自社で伐採・製材・乾燥した天然木を直販。ご希望サイズへの1カット無料・厚み調整無料。写真の現物1点をお届けします。,https://junshin.base.ec/items/153498454?utm_source=pinterest&utm_medium=catalog&utm_campaign=shelf,https://base-ec2.akamaized.net/images/item/origin/e445516748495345621a62feaebd3c28.jpg,6100 JPY,in stock,new,Junshin -潤森-,Hardware > Building Materials > Lumber & Sheet Stock,棚板・カウンター材
base-153498501,一枚板 テーブル天板 無垢材｜サクラ ヤマザクラ 山桜 チェリー 1500mm×325~445mm×29mm,サクラ ヤマザクラ 山桜 チェリーの一枚板 1500mm×325~445mm×29mm。新潟の山から自社で伐採・製材・乾燥した天然木を直販。ご希望サイズへの1カット無料・厚み調整無料。写真の現物1点をお届けします。,https://junshin.base.ec/items/153498501?utm_source=pinterest&utm_medium=catalog&utm_campaign=table,https://base-ec2.akamaized.net/images/item/origin/775399d0a080ec1401d54c84823919ff.jpg,13200 JPY,in stock,new,Junshin -潤森-,Hardware > Building Materials > Lumber & Sheet Stock,一枚板テーブル天板
base-153498557,一枚板 テーブル天板 無垢材｜ケヤキ 欅 1100mm×480~510mm×55mm,ケヤキ 欅の一枚板 1100mm×480~510mm×55mm。新潟の山から自社で伐採・製材・乾燥した天然木を直販。ご希望サイズへの1カット無料・厚み調整無料。写真の現物1点をお届けします。,https://junshin.base.ec/items/153498557?utm_source=pinterest&utm_medium=catalog&utm_campaign=table,https://base-ec2.akamaized.net/images/item/origin/0b8bc1e1bd09d18742667eedabf776fe.jpg,18300 JPY,in stock,new,Junshin -潤森-,Hardware > Building Materials > Lumber & Sheet Stock,一枚板テーブル天板
base-153498614,一枚板 テーブル天板 無垢材｜クルミ オニグルミ 鬼胡桃 ウォールナット 1185mm×205mm×50mm,クルミ オニグルミ 鬼胡桃 ウォールナットの一枚板 1185mm×205mm×50mm。新潟の山から自社で伐採・製材・乾燥した天然木を直販。ご希望サイズへの1カット無料・厚み調整無料。写真の現物1点をお届けします。,https://junshin.base.ec/items/153498614?utm_source=pinterest&utm_medium=catalog&utm_campaign=table,https://base-ec2.akamaized.net/images/item/origin/bb331eebf3a3008224d9d3707737dfbd.jpg,7390 JPY,in stock,new,Junshin -潤森-,Hardware > Building Materials > Lumber & Sheet Stock,一枚板テーブル天板
base-153498678,一枚板 テーブル天板 無垢材｜シナ シナノキ バスウッド 1300mm×270~310mm×22mm,シナ シナノキ バスウッドの一枚板 1300mm×270~310mm×22mm。新潟の山から自社で伐採・製材・乾燥した天然木を直販。ご希望サイズへの1カット無料・厚み調整無料。写真の現物1点をお届けします。,https://junshin.base.ec/items/153498678?utm_source=pinterest&utm_medium=catalog&utm_campaign=table,https://base-ec2.akamaized.net/images/item/origin/52ed0bbe06f34372c83d53dab95543ee.jpg,6400 JPY,in stock,new,Junshin -潤森-,Hardware > Building Materials > Lumber & Sheet Stock,一枚板テーブル天板
base-153498812,一枚板 テーブル天板 無垢材｜イタヤカエデ 板谷楓 メープル 1350mm×370~400mm×21mm,イタヤカエデ 板谷楓 メープルの一枚板 1350mm×370~400mm×21mm。新潟の山から自社で伐採・製材・乾燥した天然木を直販。ご希望サイズへの1カット無料・厚み調整無料。写真の現物1点をお届けします。,https://junshin.base.ec/items/153498812?utm_source=pinterest&utm_medium=catalog&utm_campaign=table,https://base-ec2.akamaized.net/images/item/origin/e64def438c5495ef49c2357e7d3c829e.jpg,13000 JPY,in stock,new,Junshin -潤森-,Hardware > Building Materials > Lumber & Sheet Stock,一枚板テーブル天板
base-153499050,一枚板 テーブル天板 無垢材｜クルミ オニグルミ 鬼胡桃 ウォールナット 1100mm×300~310mm×42mm,クルミ オニグルミ 鬼胡桃 ウォールナットの一枚板 1100mm×300~310mm×42mm。新潟の山から自社で伐採・製材・乾燥した天然木を直販。ご希望サイズへの1カット無料・厚み調整無料。写真の現物1点をお届けします。,https://junshin.base.ec/items/153499050?utm_source=pinterest&utm_medium=catalog&utm_campaign=table,https://base-ec2.akamaized.net/images/item/origin/bf8fe168e1b12a2b3b843b96071b8cb5.jpg,8710 JPY,in stock,new,Junshin -潤森-,Hardware > Building Materials > Lumber & Sheet Stock,一枚板テーブル天板
base-153499114,DIY 木材 無垢 クラフト材｜サクラ ヤマザクラ 山桜 チェリー 750mm×315~400mm×46mm,サクラ ヤマザクラ 山桜 チェリーの一枚板 750mm×315~400mm×46mm。新潟の山から自社で伐採・製材・乾燥した天然木を直販。ご希望サイズへの1カット無料・厚み調整無料。写真の現物1点をお届けします。,https://junshin.base.ec/items/153499114?utm_source=pinterest&utm_medium=catalog&utm_campaign=diy,https://base-ec2.akamaized.net/images/item/origin/e017c685643a975ecc4b795159cb67bc.jpg,7700 JPY,in stock,new,Junshin -潤森-,Hardware > Building Materials > Lumber & Sheet Stock,DIY・クラフト材
base-153499215,DIY 木材 無垢 クラフト材｜サクラ ヤマザクラ 山桜 チェリー 700mm×294~330mm×54mm,サクラ ヤマザクラ 山桜 チェリーの一枚板 700mm×294~330mm×54mm。新潟の山から自社で伐採・製材・乾燥した天然木を直販。ご希望サイズへの1カット無料・厚み調整無料。写真の現物1点をお届けします。,https://junshin.base.ec/items/153499215?utm_source=pinterest&utm_medium=catalog&utm_campaign=diy,https://base-ec2.akamaized.net/images/item/origin/d664937f2b778e621423b3946ca463b1.jpg,6930 JPY,in stock,new,Junshin -潤森-,Hardware > Building Materials > Lumber & Sheet Stock,DIY・クラフト材
base-153499258,一枚板 テーブル天板 無垢材｜イタヤカエデ 板谷楓 メープル 1000mm×390~415mm×25mm,イタヤカエデ 板谷楓 メープルの一枚板 1000mm×390~415mm×25mm。新潟の山から自社で伐採・製材・乾燥した天然木を直販。ご希望サイズへの1カット無料・厚み調整無料。写真の現物1点をお届けします。,https://junshin.base.ec/items/153499258?utm_source=pinterest&utm_medium=catalog&utm_campaign=table,https://base-ec2.akamaized.net/images/item/origin/8b0b7edf817ad9813f1f1cdac6970aa7.jpg,11000 JPY,in stock,new,Junshin -潤森-,Hardware > Building Materials > Lumber & Sheet Stock,一枚板テーブル天板
base-153499311,一枚板 テーブル天板 無垢材｜サクラ ヤマザクラ 山桜 チェリー 1500mm×255~340mm×35mm,サクラ ヤマザクラ 山桜 チェリーの一枚板 1500mm×255~340mm×35mm。新潟の山から自社で伐採・製材・乾燥した天然木を直販。ご希望サイズへの1カット無料・厚み調整無料。写真の現物1点をお届けします。,https://junshin.base.ec/items/153499311?utm_source=pinterest&utm_medium=catalog&utm_campaign=table,https://base-ec2.akamaized.net/images/item/origin/af2dfb38d2fae0d27f35a487eb29935a.jpg,12400 JPY,in stock,new,Junshin -潤森-,Hardware > Building Materials > Lumber & Sheet Stock,一枚板テーブル天板
base-153499360,一枚板 テーブル天板 無垢材｜サクラ ヤマザクラ 山桜 チェリー 1250mm×250~290mm×40mm,サクラ ヤマザクラ 山桜 チェリーの一枚板 1250mm×250~290mm×40mm。新潟の山から自社で伐採・製材・乾燥した天然木を直販。ご希望サイズへの1カット無料・厚み調整無料。写真の現物1点をお届けします。,https://junshin.base.ec/items/153499360?utm_source=pinterest&utm_medium=catalog&utm_campaign=table,https://base-ec2.akamaized.net/images/item/origin/f913e0ffb8794c02f4f02aa2d38ae3b1.jpg,8380 JPY,in stock,new,Junshin -潤森-,Hardware > Building Materials > Lumber & Sheet Stock,一枚板テーブル天板
base-153499456,一枚板 テーブル天板 無垢材｜イタヤカエデ 板谷楓 メープル 1000mm×405~497mm×31mm,イタヤカエデ 板谷楓 メープルの一枚板 1000mm×405~497mm×31mm。新潟の山から自社で伐採・製材・乾燥した天然木を直販。ご希望サイズへの1カット無料・厚み調整無料。写真の現物1点をお届けします。,https://junshin.base.ec/items/153499456?utm_source=pinterest&utm_medium=catalog&utm_campaign=table,https://base-ec2.akamaized.net/images/item/origin/8095ee68da11d76ce7e0b8ddc8b779c5.jpg,18000 JPY,in stock,new,Junshin -潤森-,Hardware > Building Materials > Lumber & Sheet Stock,一枚板テーブル天板
base-153499546,DIY 木材 無垢 クラフト材｜サクラ ヤマザクラ 山桜 チェリー 647mm×264~285mm×43mm,サクラ ヤマザクラ 山桜 チェリーの一枚板 647mm×264~285mm×43mm。新潟の山から自社で伐採・製材・乾燥した天然木を直販。ご希望サイズへの1カット無料・厚み調整無料。写真の現物1点をお届けします。,https://junshin.base.ec/items/153499546?utm_source=pinterest&utm_medium=catalog&utm_campaign=diy,https://base-ec2.akamaized.net/images/item/origin/acc8fac112c334e1c43d5b284522db9a.jpg,4510 JPY,in stock,new,Junshin -潤森-,Hardware > Building Materials > Lumber & Sheet Stock,DIY・クラフト材
base-153499590,DIY 木材 無垢 クラフト材｜サクラ ヤマザクラ 山桜 チェリー 795mm×285~290mm×39mm,サクラ ヤマザクラ 山桜 チェリーの一枚板 795mm×285~290mm×39mm。新潟の山から自社で伐採・製材・乾燥した天然木を直販。ご希望サイズへの1カット無料・厚み調整無料。写真の現物1点をお届けします。,https://junshin.base.ec/items/153499590?utm_source=pinterest&utm_medium=catalog&utm_campaign=diy,https://base-ec2.akamaized.net/images/item/origin/db99d19f8bf0c53275708c01fcf8b317.jpg,5780 JPY,in stock,new,Junshin -潤森-,Hardware > Building Materials > Lumber & Sheet Stock,DIY・クラフト材
base-153499666,棚板 カウンター材 無垢 一枚板｜エンジュ 槐 1050mm×160~180mm×30mm,エンジュ 槐の一枚板 1050mm×160~180mm×30mm。新潟の山から自社で伐採・製材・乾燥した天然木を直販。ご希望サイズへの1カット無料・厚み調整無料。写真の現物1点をお届けします。,https://junshin.base.ec/items/153499666?utm_source=pinterest&utm_medium=catalog&utm_campaign=shelf,https://base-ec2.akamaized.net/images/item/origin/4566d63d6aedc75210b1218f6af82797.jpg,6000 JPY,in stock,new,Junshin -潤森-,Hardware > Building Materials > Lumber & Sheet Stock,棚板・カウンター材
base-153499832,棚板 カウンター材 無垢 一枚板｜クリ 栗 チェスナット 1450mm×255~265mm×36mm,クリ 栗 チェスナットの一枚板 1450mm×255~265mm×36mm。新潟の山から自社で伐採・製材・乾燥した天然木を直販。ご希望サイズへの1カット無料・厚み調整無料。写真の現物1点をお届けします。,https://junshin.base.ec/items/153499832?utm_source=pinterest&utm_medium=catalog&utm_campaign=shelf,https://base-ec2.akamaized.net/images/item/origin/24a0089020e85fdd6c77101a730f4218.jpg,9720 JPY,in stock,new,Junshin -潤森-,Hardware > Building Materials > Lumber & Sheet Stock,棚板・カウンター材
base-153500231,DIY 木材 無垢 クラフト材｜マカバ カバ バーチ 750mm×330~370mm×34mm,マカバ カバ バーチの一枚板 750mm×330~370mm×34mm。新潟の山から自社で伐採・製材・乾燥した天然木を直販。ご希望サイズへの1カット無料・厚み調整無料。写真の現物1点をお届けします。,https://junshin.base.ec/items/153500231?utm_source=pinterest&utm_medium=catalog&utm_campaign=diy,https://base-ec2.akamaized.net/images/item/origin/57f4d917940cd3bfb2cd5206eb333381.jpg,6980 JPY,in stock,new,Junshin -潤森-,Hardware > Building Materials > Lumber & Sheet Stock,DIY・クラフト材
base-153500262,一枚板 テーブル天板 無垢材｜サクラ ヤマザクラ 山桜 チェリー 1000mm×335mm×52mm,サクラ ヤマザクラ 山桜 チェリーの一枚板 1000mm×335mm×52mm。新潟の山から自社で伐採・製材・乾燥した天然木を直販。ご希望サイズへの1カット無料・厚み調整無料。写真の現物1点をお届けします。,https://junshin.base.ec/items/153500262?utm_source=pinterest&utm_medium=catalog&utm_campaign=table,https://base-ec2.akamaized.net/images/item/origin/e5d9a1fdc82b5e726217dc33bc2b0938.jpg,11700 JPY,in stock,new,Junshin -潤森-,Hardware > Building Materials > Lumber & Sheet Stock,一枚板テーブル天板
base-153500372,一枚板 テーブル天板 無垢材｜ホオノキ ホオ 朴 1050mm×290~335mm×33mm,ホオノキ ホオ 朴の一枚板 1050mm×290~335mm×33mm。新潟の山から自社で伐採・製材・乾燥した天然木を直販。ご希望サイズへの1カット無料・厚み調整無料。写真の現物1点をお届けします。,https://junshin.base.ec/items/153500372?utm_source=pinterest&utm_medium=catalog&utm_campaign=table,https://base-ec2.akamaized.net/images/item/origin/bbd17be9c1fc43b6c21b233c925bf349.jpg,6340 JPY,in stock,new,Junshin -潤森-,Hardware > Building Materials > Lumber & Sheet Stock,一枚板テーブル天板
base-153500558,DIY 木材 無垢 クラフト材｜クルミ オニグルミ 鬼胡桃 ウォールナット 700mm×287~297mm×43mm,クルミ オニグルミ 鬼胡桃 ウォールナットの一枚板 700mm×287~297mm×43mm。新潟の山から自社で伐採・製材・乾燥した天然木を直販。ご希望サイズへの1カット無料・厚み調整無料。写真の現物1点をお届けします。,https://junshin.base.ec/items/153500558?utm_source=pinterest&utm_medium=catalog&utm_campaign=diy,https://base-ec2.akamaized.net/images/item/origin/28d4124f3a2f84e2083c84c2441acbd4.jpg,5000 JPY,in stock,new,Junshin -潤森-,Hardware > Building Materials > Lumber & Sheet Stock,DIY・クラフト材
base-153500674,一枚板 テーブル天板 無垢材｜クルミ オニグルミ 鬼胡桃 ウォールナット 1200mm×400~450mm×39mm,クルミ オニグルミ 鬼胡桃 ウォールナットの一枚板 1200mm×400~450mm×39mm。新潟の山から自社で伐採・製材・乾燥した天然木を直販。ご希望サイズへの1カット無料・厚み調整無料。写真の現物1点をお届けします。,https://junshin.base.ec/items/153500674?utm_source=pinterest&utm_medium=catalog&utm_campaign=table,https://base-ec2.akamaized.net/images/item/origin/3d2b53bc32390cdde738127980b1d08f.jpg,13500 JPY,in stock,new,Junshin -潤森-,Hardware > Building Materials > Lumber & Sheet Stock,一枚板テーブル天板
base-153500708,DIY 木材 無垢 クラフト材｜サクラ ヤマザクラ 山桜 チェリー 700mm×475~480mm×47mm,サクラ ヤマザクラ 山桜 チェリーの一枚板 700mm×475~480mm×47mm。新潟の山から自社で伐採・製材・乾燥した天然木を直販。ご希望サイズへの1カット無料・厚み調整無料。写真の現物1点をお届けします。,https://junshin.base.ec/items/153500708?utm_source=pinterest&utm_medium=catalog&utm_campaign=diy,https://base-ec2.akamaized.net/images/item/origin/76f60a590dee470a8f61d079215afc40.jpg,13800 JPY,in stock,new,Junshin -潤森-,Hardware > Building Materials > Lumber & Sheet Stock,DIY・クラフト材
base-153500742,棚板 カウンター材 無垢 一枚板｜エンジュ 槐 1100mm×196~260mm×22mm,エンジュ 槐の一枚板 1100mm×196~260mm×22mm。新潟の山から自社で伐採・製材・乾燥した天然木を直販。ご希望サイズへの1カット無料・厚み調整無料。写真の現物1点をお届けします。,https://junshin.base.ec/items/153500742?utm_source=pinterest&utm_medium=catalog&utm_campaign=shelf,https://base-ec2.akamaized.net/images/item/origin/137a616d6dc7384c8db1c53062bd7794.jpg,7200 JPY,in stock,new,Junshin -潤森-,Hardware > Building Materials > Lumber & Sheet Stock,棚板・カウンター材
base-153500773,一枚板 テーブル天板 無垢材｜トチ 栃 1080mm×393~400mm×30mm,トチ 栃の一枚板 1080mm×393~400mm×30mm。新潟の山から自社で伐採・製材・乾燥した天然木を直販。ご希望サイズへの1カット無料・厚み調整無料。写真の現物1点をお届けします。,https://junshin.base.ec/items/153500773?utm_source=pinterest&utm_medium=catalog&utm_campaign=table,https://base-ec2.akamaized.net/images/item/origin/3fd24e948785afe3edde056e5a18bd93.jpg,8720 JPY,in stock,new,Junshin -潤森-,Hardware > Building Materials > Lumber & Sheet Stock,一枚板テーブル天板
base-153501095,一枚板 テーブル天板 無垢材｜サクラ ヤマザクラ 山桜 チェリー 1197mm×340mm×52mm,サクラ ヤマザクラ 山桜 チェリーの一枚板 1197mm×340mm×52mm。新潟の山から自社で伐採・製材・乾燥した天然木を直販。ご希望サイズへの1カット無料・厚み調整無料。写真の現物1点をお届けします。,https://junshin.base.ec/items/153501095?utm_source=pinterest&utm_medium=catalog&utm_campaign=table,https://base-ec2.akamaized.net/images/item/origin/fc16107a04ffdf1b6379cb2073f1d0fa.jpg,14100 JPY,in stock,new,Junshin -潤森-,Hardware > Building Materials > Lumber & Sheet Stock,一枚板テーブル天板
base-153501265,一枚板 テーブル天板 無垢材｜サクラ ヤマザクラ 山桜 チェリー 800mm×315~328mm×51mm,サクラ ヤマザクラ 山桜 チェリーの一枚板 800mm×315~328mm×51mm。新潟の山から自社で伐採・製材・乾燥した天然木を直販。ご希望サイズへの1カット無料・厚み調整無料。写真の現物1点をお届けします。,https://junshin.base.ec/items/153501265?utm_source=pinterest&utm_medium=catalog&utm_campaign=table,https://base-ec2.akamaized.net/images/item/origin/b9c794504ef2ecbbbe2fbae2ddd1b1cf.jpg,9980 JPY,in stock,new,Junshin -潤森-,Hardware > Building Materials > Lumber & Sheet Stock,一枚板テーブル天板
base-153501281,DIY 木材 無垢 クラフト材｜イタヤカエデ 板谷楓 メープル 798mm×326mm×34mm,イタヤカエデ 板谷楓 メープルの一枚板 798mm×326mm×34mm。新潟の山から自社で伐採・製材・乾燥した天然木を直販。ご希望サイズへの1カット無料・厚み調整無料。写真の現物1点をお届けします。,https://junshin.base.ec/items/153501281?utm_source=pinterest&utm_medium=catalog&utm_campaign=diy,https://base-ec2.akamaized.net/images/item/origin/c21edb1e903eef63db607c26266501e9.jpg,7100 JPY,in stock,new,Junshin -潤森-,Hardware > Building Materials > Lumber & Sheet Stock,DIY・クラフト材
base-153501381,一枚板 テーブル天板 無垢材｜クルミ オニグルミ 鬼胡桃 ウォールナット 1300mm×290~313mm×43mm,クルミ オニグルミ 鬼胡桃 ウォールナットの一枚板 1300mm×290~313mm×43mm。新潟の山から自社で伐採・製材・乾燥した天然木を直販。ご希望サイズへの1カット無料・厚み調整無料。写真の現物1点をお届けします。,https://junshin.base.ec/items/153501381?utm_source=pinterest&utm_medium=catalog&utm_campaign=table,https://base-ec2.akamaized.net/images/item/origin/45035cd2d04f77ef4cad1f0f61b8909f.jpg,11200 JPY,in stock,new,Junshin -潤森-,Hardware > Building Materials > Lumber & Sheet Stock,一枚板テーブル天板
base-153501496,一枚板 テーブル天板 無垢材｜サクラ ヤマザクラ 山桜 チェリー 1497mm×295~300mm×35mm,サクラ ヤマザクラ 山桜 チェリーの一枚板 1497mm×295~300mm×35mm。新潟の山から自社で伐採・製材・乾燥した天然木を直販。ご希望サイズへの1カット無料・厚み調整無料。写真の現物1点をお届けします。,https://junshin.base.ec/items/153501496?utm_source=pinterest&utm_medium=catalog&utm_campaign=table,https://base-ec2.akamaized.net/images/item/origin/c9df715e2bfa4b1d6bbd630368d61fca.jpg,13300 JPY,in stock,new,Junshin -潤森-,Hardware > Building Materials > Lumber & Sheet Stock,一枚板テーブル天板
base-153501564,棚板 カウンター材 無垢 一枚板｜イタヤカエデ 板谷楓 メープル 900mm×265~280mm×20mm,イタヤカエデ 板谷楓 メープルの一枚板 900mm×265~280mm×20mm。新潟の山から自社で伐採・製材・乾燥した天然木を直販。ご希望サイズへの1カット無料・厚み調整無料。写真の現物1点をお届けします。,https://junshin.base.ec/items/153501564?utm_source=pinterest&utm_medium=catalog&utm_campaign=shelf,https://base-ec2.akamaized.net/images/item/origin/501b3b31980b4abb2c8a689ee1e66028.jpg,4900 JPY,in stock,new,Junshin -潤森-,Hardware > Building Materials > Lumber & Sheet Stock,棚板・カウンター材
base-153501602,一枚板 テーブル天板 無垢材｜イタヤカエデ 板谷楓 メープル 1400mm×360~410mm×19mm,イタヤカエデ 板谷楓 メープルの一枚板 1400mm×360~410mm×19mm。新潟の山から自社で伐採・製材・乾燥した天然木を直販。ご希望サイズへの1カット無料・厚み調整無料。写真の現物1点をお届けします。,https://junshin.base.ec/items/153501602?utm_source=pinterest&utm_medium=catalog&utm_campaign=table,https://base-ec2.akamaized.net/images/item/origin/d23789f3e996a0dc224f55da522b6ec8.jpg,13200 JPY,in stock,new,Junshin -潤森-,Hardware > Building Materials > Lumber & Sheet Stock,一枚板テーブル天板
base-153501667,一枚板 テーブル天板 無垢材｜マカバ カバ バーチ 995mm×240~300mm×25mm,マカバ カバ バーチの一枚板 995mm×240~300mm×25mm。新潟の山から自社で伐採・製材・乾燥した天然木を直販。ご希望サイズへの1カット無料・厚み調整無料。写真の現物1点をお届けします。,https://junshin.base.ec/items/153501667?utm_source=pinterest&utm_medium=catalog&utm_campaign=table,https://base-ec2.akamaized.net/images/item/origin/cf44c7d25d57ff9108c5c33693428187.jpg,5290 JPY,in stock,new,Junshin -潤森-,Hardware > Building Materials > Lumber & Sheet Stock,一枚板テーブル天板
base-153501685,棚板 カウンター材 無垢 一枚板｜シナ シナノキ バスウッド 998mm×175~290mm×23mm,シナ シナノキ バスウッドの一枚板 998mm×175~290mm×23mm。新潟の山から自社で伐採・製材・乾燥した天然木を直販。ご希望サイズへの1カット無料・厚み調整無料。写真の現物1点をお届けします。,https://junshin.base.ec/items/153501685?utm_source=pinterest&utm_medium=catalog&utm_campaign=shelf,https://base-ec2.akamaized.net/images/item/origin/9a7f490672052a8de1b342dd779a5f24.jpg,4400 JPY,in stock,new,Junshin -潤森-,Hardware > Building Materials > Lumber & Sheet Stock,棚板・カウンター材
base-153501700,DIY 木材 無垢 クラフト材｜ケヤキ 欅 700mm×309~346mm×34mm,ケヤキ 欅の一枚板 700mm×309~346mm×34mm。新潟の山から自社で伐採・製材・乾燥した天然木を直販。ご希望サイズへの1カット無料・厚み調整無料。写真の現物1点をお届けします。,https://junshin.base.ec/items/153501700?utm_source=pinterest&utm_medium=catalog&utm_campaign=diy,https://base-ec2.akamaized.net/images/item/origin/c1ea67bf69151dd60295dbe3d30048e1.jpg,4800 JPY,in stock,new,Junshin -潤森-,Hardware > Building Materials > Lumber & Sheet Stock,DIY・クラフト材
base-153502003,一枚板 テーブル天板 無垢材｜イタヤカエデ 板谷楓 メープル 1150mm×297~320mm×22mm,イタヤカエデ 板谷楓 メープルの一枚板 1150mm×297~320mm×22mm。新潟の山から自社で伐採・製材・乾燥した天然木を直販。ご希望サイズへの1カット無料・厚み調整無料。写真の現物1点をお届けします。,https://junshin.base.ec/items/153502003?utm_source=pinterest&utm_medium=catalog&utm_campaign=table,https://base-ec2.akamaized.net/images/item/origin/1fcaabac6a9167e64b18e271b2151bfc.jpg,5940 JPY,in stock,new,Junshin -潤森-,Hardware > Building Materials > Lumber & Sheet Stock,一枚板テーブル天板
base-153502144,一枚板 テーブル天板 無垢材｜サクラ ヤマザクラ 山桜 チェリー 1085mm×300~330mm×55mm,サクラ ヤマザクラ 山桜 チェリーの一枚板 1085mm×300~330mm×55mm。新潟の山から自社で伐採・製材・乾燥した天然木を直販。ご希望サイズへの1カット無料・厚み調整無料。写真の現物1点をお届けします。,https://junshin.base.ec/items/153502144?utm_source=pinterest&utm_medium=catalog&utm_campaign=table,https://base-ec2.akamaized.net/images/item/origin/c0763a1e8b5b84c44c866b5de795b906.jpg,11800 JPY,in stock,new,Junshin -潤森-,Hardware > Building Materials > Lumber & Sheet Stock,一枚板テーブル天板
base-153502158,一枚板 テーブル天板 無垢材｜サイカチ 皂莢 940mm×230~255mm×48mm,サイカチ 皂莢の一枚板 940mm×230~255mm×48mm。新潟の山から自社で伐採・製材・乾燥した天然木を直販。ご希望サイズへの1カット無料・厚み調整無料。写真の現物1点をお届けします。,https://junshin.base.ec/items/153502158?utm_source=pinterest&utm_medium=catalog&utm_campaign=table,https://base-ec2.akamaized.net/images/item/origin/62c44a83a41d0ed2ea7fb9d3efecb5a8.jpg,9500 JPY,in stock,new,Junshin -潤森-,Hardware > Building Materials > Lumber & Sheet Stock,一枚板テーブル天板
base-153502181,棚板 カウンター材 無垢 一枚板｜シナ シナノキ バスウッド 1050mm×185~225mm×19mm,シナ シナノキ バスウッドの一枚板 1050mm×185~225mm×19mm。新潟の山から自社で伐採・製材・乾燥した天然木を直販。ご希望サイズへの1カット無料・厚み調整無料。写真の現物1点をお届けします。,https://junshin.base.ec/items/153502181?utm_source=pinterest&utm_medium=catalog&utm_campaign=shelf,https://base-ec2.akamaized.net/images/item/origin/c0f174882869cb219a56d6140b649c94.jpg,3600 JPY,in stock,new,Junshin -潤森-,Hardware > Building Materials > Lumber & Sheet Stock,棚板・カウンター材
base-153502403,一枚板 テーブル天板 無垢材｜イタヤカエデ 板谷楓 メープル 1400mm×290~325mm×25mm,イタヤカエデ 板谷楓 メープルの一枚板 1400mm×290~325mm×25mm。新潟の山から自社で伐採・製材・乾燥した天然木を直販。ご希望サイズへの1カット無料・厚み調整無料。写真の現物1点をお届けします。,https://junshin.base.ec/items/153502403?utm_source=pinterest&utm_medium=catalog&utm_campaign=table,https://base-ec2.akamaized.net/images/item/origin/27d5c7da720a40f8131d494e5254f8a8.jpg,12500 JPY,in stock,new,Junshin -潤森-,Hardware > Building Materials > Lumber & Sheet Stock,一枚板テーブル天板
base-153502419,棚板 カウンター材 無垢 一枚板｜シナ シナノキ バスウッド 1350mm×243~260mm×22mm,シナ シナノキ バスウッドの一枚板 1350mm×243~260mm×22mm。新潟の山から自社で伐採・製材・乾燥した天然木を直販。ご希望サイズへの1カット無料・厚み調整無料。写真の現物1点をお届けします。,https://junshin.base.ec/items/153502419?utm_source=pinterest&utm_medium=catalog&utm_campaign=shelf,https://base-ec2.akamaized.net/images/item/origin/bfee0bb4b988abfb9f8ea1d698a2ff2a.jpg,6080 JPY,in stock,new,Junshin -潤森-,Hardware > Building Materials > Lumber & Sheet Stock,棚板・カウンター材
base-153502434,一枚板 テーブル天板 無垢材｜ケヤキ 欅 1280mm×290~295mm×92mm,ケヤキ 欅の一枚板 1280mm×290~295mm×92mm。新潟の山から自社で伐採・製材・乾燥した天然木を直販。ご希望サイズへの1カット無料・厚み調整無料。写真の現物1点をお届けします。,https://junshin.base.ec/items/153502434?utm_source=pinterest&utm_medium=catalog&utm_campaign=table,https://base-ec2.akamaized.net/images/item/origin/e52a4a96a5b176459d66c8acf1de2753.jpg,16860 JPY,in stock,new,Junshin -潤森-,Hardware > Building Materials > Lumber & Sheet Stock,一枚板テーブル天板
base-153502453,DIY 木材 無垢 クラフト材｜サクラ ヤマザクラ 山桜 チェリー 650mm×460~485mm×42mm,サクラ ヤマザクラ 山桜 チェリーの一枚板 650mm×460~485mm×42mm。新潟の山から自社で伐採・製材・乾燥した天然木を直販。ご希望サイズへの1カット無料・厚み調整無料。写真の現物1点をお届けします。,https://junshin.base.ec/items/153502453?utm_source=pinterest&utm_medium=catalog&utm_campaign=diy,https://base-ec2.akamaized.net/images/item/origin/9031039196f3f41d3bd170b557eece21.jpg,11800 JPY,in stock,new,Junshin -潤森-,Hardware > Building Materials > Lumber & Sheet Stock,DIY・クラフト材
base-153502667,一枚板 テーブル天板 無垢材｜サクラ ヤマザクラ 山桜 チェリー 900mm×290~335mm×52mm,サクラ ヤマザクラ 山桜 チェリーの一枚板 900mm×290~335mm×52mm。新潟の山から自社で伐採・製材・乾燥した天然木を直販。ご希望サイズへの1カット無料・厚み調整無料。写真の現物1点をお届けします。,https://junshin.base.ec/items/153502667?utm_source=pinterest&utm_medium=catalog&utm_campaign=table,https://base-ec2.akamaized.net/images/item/origin/f713362cef11eacdfcd64e6c85e0d81c.jpg,9970 JPY,in stock,new,Junshin -潤森-,Hardware > Building Materials > Lumber & Sheet Stock,一枚板テーブル天板
base-153502699,一枚板 テーブル天板 無垢材｜サクラ ヤマザクラ 山桜 チェリー 900mm×332~338mm×56mm,サクラ ヤマザクラ 山桜 チェリーの一枚板 900mm×332~338mm×56mm。新潟の山から自社で伐採・製材・乾燥した天然木を直販。ご希望サイズへの1カット無料・厚み調整無料。写真の現物1点をお届けします。,https://junshin.base.ec/items/153502699?utm_source=pinterest&utm_medium=catalog&utm_campaign=table,https://base-ec2.akamaized.net/images/item/origin/39ea1bed018c63e294306fd614dc7afe.jpg,11500 JPY,in stock,new,Junshin -潤森-,Hardware > Building Materials > Lumber & Sheet Stock,一枚板テーブル天板
base-153502743,棚板 カウンター材 無垢 一枚板｜エンジュ 槐 1200mm×~220mm×26mm,エンジュ 槐の一枚板 1200mm×~220mm×26mm。新潟の山から自社で伐採・製材・乾燥した天然木を直販。ご希望サイズへの1カット無料・厚み調整無料。写真の現物1点をお届けします。,https://junshin.base.ec/items/153502743?utm_source=pinterest&utm_medium=catalog&utm_campaign=shelf,https://base-ec2.akamaized.net/images/item/origin/e03387b48a58890485c89c23cecd4ffd.jpg,8400 JPY,in stock,new,Junshin -潤森-,Hardware > Building Materials > Lumber & Sheet Stock,棚板・カウンター材
base-153502829,棚板 カウンター材 無垢 一枚板｜イタヤカエデ 板谷楓 メープル 895mm×190~250mm×18mm,イタヤカエデ 板谷楓 メープルの一枚板 895mm×190~250mm×18mm。新潟の山から自社で伐採・製材・乾燥した天然木を直販。ご希望サイズへの1カット無料・厚み調整無料。写真の現物1点をお届けします。,https://junshin.base.ec/items/153502829?utm_source=pinterest&utm_medium=catalog&utm_campaign=shelf,https://base-ec2.akamaized.net/images/item/origin/01925baa3e5e9fb0691514e8744bc20d.jpg,3690 JPY,in stock,new,Junshin -潤森-,Hardware > Building Materials > Lumber & Sheet Stock,棚板・カウンター材
base-153502887,一枚板 テーブル天板 無垢材｜イタヤカエデ 板谷楓 メープル 1550mm×270~380mm×22mm,イタヤカエデ 板谷楓 メープルの一枚板 1550mm×270~380mm×22mm。新潟の山から自社で伐採・製材・乾燥した天然木を直販。ご希望サイズへの1カット無料・厚み調整無料。写真の現物1点をお届けします。,https://junshin.base.ec/items/153502887?utm_source=pinterest&utm_medium=catalog&utm_campaign=table,https://base-ec2.akamaized.net/images/item/origin/b9a4394489e433a572a95ec22c52fac6.jpg,15000 JPY,in stock,new,Junshin -潤森-,Hardware > Building Materials > Lumber & Sheet Stock,一枚板テーブル天板
base-153502954,一枚板 テーブル天板 無垢材｜クルミ オニグルミ 鬼胡桃 ウォールナット 897mm×295~300mm×39mm,クルミ オニグルミ 鬼胡桃 ウォールナットの一枚板 897mm×295~300mm×39mm。新潟の山から自社で伐採・製材・乾燥した天然木を直販。ご希望サイズへの1カット無料・厚み調整無料。写真の現物1点をお届けします。,https://junshin.base.ec/items/153502954?utm_source=pinterest&utm_medium=catalog&utm_campaign=table,https://base-ec2.akamaized.net/images/item/origin/f8068831cddb4f0245f987178c7b55f6.jpg,8300 JPY,in stock,new,Junshin -潤森-,Hardware > Building Materials > Lumber & Sheet Stock,一枚板テーブル天板
base-153503005,棚板 カウンター材 無垢 一枚板｜シナ シナノキ バスウッド 900mm×275~285mm×22mm,シナ シナノキ バスウッドの一枚板 900mm×275~285mm×22mm。新潟の山から自社で伐採・製材・乾燥した天然木を直販。ご希望サイズへの1カット無料・厚み調整無料。写真の現物1点をお届けします。,https://junshin.base.ec/items/153503005?utm_source=pinterest&utm_medium=catalog&utm_campaign=shelf,https://base-ec2.akamaized.net/images/item/origin/216c7de9c0f9b5343a8d4b12675da5b1.jpg,4000 JPY,in stock,new,Junshin -潤森-,Hardware > Building Materials > Lumber & Sheet Stock,棚板・カウンター材
base-153503039,棚板 カウンター材 無垢 一枚板｜ケンポナシ 玄圃梨 1000mm×~245mm×29mm,ケンポナシ 玄圃梨の一枚板 1000mm×~245mm×29mm。新潟の山から自社で伐採・製材・乾燥した天然木を直販。ご希望サイズへの1カット無料・厚み調整無料。写真の現物1点をお届けします。,https://junshin.base.ec/items/153503039?utm_source=pinterest&utm_medium=catalog&utm_campaign=shelf,https://base-ec2.akamaized.net/images/item/origin/230c206ed9fd19668d2c6c0975ffbde8.jpg,5760 JPY,in stock,new,Junshin -潤森-,Hardware > Building Materials > Lumber & Sheet Stock,棚板・カウンター材
base-153503080,棚板 カウンター材 無垢 一枚板｜エンジュ 槐 1300mm×~175mm×35mm,エンジュ 槐の一枚板 1300mm×~175mm×35mm。新潟の山から自社で伐採・製材・乾燥した天然木を直販。ご希望サイズへの1カット無料・厚み調整無料。写真の現物1点をお届けします。,https://junshin.base.ec/items/153503080?utm_source=pinterest&utm_medium=catalog&utm_campaign=shelf,https://base-ec2.akamaized.net/images/item/origin/fc58256a7b0157247065f80be2d5070c.jpg,9800 JPY,in stock,new,Junshin -潤森-,Hardware > Building Materials > Lumber & Sheet Stock,棚板・カウンター材
base-153503124,一枚板 テーブル天板 無垢材｜サクラ ヤマザクラ 山桜 チェリー 1296mm×230mm×46mm,サクラ ヤマザクラ 山桜 チェリーの一枚板 1296mm×230mm×46mm。新潟の山から自社で伐採・製材・乾燥した天然木を直販。ご希望サイズへの1カット無料・厚み調整無料。写真の現物1点をお届けします。,https://junshin.base.ec/items/153503124?utm_source=pinterest&utm_medium=catalog&utm_campaign=table,https://base-ec2.akamaized.net/images/item/origin/766def13f211d741ddce8a9c2ba16524.jpg,8050 JPY,in stock,new,Junshin -潤森-,Hardware > Building Materials > Lumber & Sheet Stock,一枚板テーブル天板
base-153503203,棚板 カウンター材 無垢 一枚板｜シナ シナノキ バスウッド 1000mm×195~228mm×24mm,シナ シナノキ バスウッドの一枚板 1000mm×195~228mm×24mm。新潟の山から自社で伐採・製材・乾燥した天然木を直販。ご希望サイズへの1カット無料・厚み調整無料。写真の現物1点をお届けします。,https://junshin.base.ec/items/153503203?utm_source=pinterest&utm_medium=catalog&utm_campaign=shelf,https://base-ec2.akamaized.net/images/item/origin/5695841a3bfd87b8afd0afbb24cafe66.jpg,4000 JPY,in stock,new,Junshin -潤森-,Hardware > Building Materials > Lumber & Sheet Stock,棚板・カウンター材
base-153503431,棚板 カウンター材 無垢 一枚板｜キハダ 黄肌 950mm×235~295mm×36mm,キハダ 黄肌の一枚板 950mm×235~295mm×36mm。新潟の山から自社で伐採・製材・乾燥した天然木を直販。ご希望サイズへの1カット無料・厚み調整無料。写真の現物1点をお届けします。,https://junshin.base.ec/items/153503431?utm_source=pinterest&utm_medium=catalog&utm_campaign=shelf,https://base-ec2.akamaized.net/images/item/origin/bda7eaca4fe6d29978a3297750b86549.jpg,5280 JPY,in stock,new,Junshin -潤森-,Hardware > Building Materials > Lumber & Sheet Stock,棚板・カウンター材
base-153503468,一枚板 テーブル天板 無垢材｜クルミ オニグルミ 鬼胡桃 ウォールナット 1550mm×294mm×43mm,クルミ オニグルミ 鬼胡桃 ウォールナットの一枚板 1550mm×294mm×43mm。新潟の山から自社で伐採・製材・乾燥した天然木を直販。ご希望サイズへの1カット無料・厚み調整無料。写真の現物1点をお届けします。,https://junshin.base.ec/items/153503468?utm_source=pinterest&utm_medium=catalog&utm_campaign=table,https://base-ec2.akamaized.net/images/item/origin/a5ebdb2b30951ecc8bd007470daf6b78.jpg,13300 JPY,in stock,new,Junshin -潤森-,Hardware > Building Materials > Lumber & Sheet Stock,一枚板テーブル天板
base-153503506,棚板 カウンター材 無垢 一枚板｜イタヤカエデ 板谷楓 メープル 1298mm×260~295mm×18mm,イタヤカエデ 板谷楓 メープルの一枚板 1298mm×260~295mm×18mm。新潟の山から自社で伐採・製材・乾燥した天然木を直販。ご希望サイズへの1カット無料・厚み調整無料。写真の現物1点をお届けします。,https://junshin.base.ec/items/153503506?utm_source=pinterest&utm_medium=catalog&utm_campaign=shelf,https://base-ec2.akamaized.net/images/item/origin/2aa5c3299c9c589e53339bf35896db59.jpg,6520 JPY,in stock,new,Junshin -潤森-,Hardware > Building Materials > Lumber & Sheet Stock,棚板・カウンター材
base-153503565,棚板 カウンター材 無垢 一枚板｜イチョウ 銀杏 1050mm×245~260mm×32mm,イチョウ 銀杏の一枚板 1050mm×245~260mm×32mm。新潟の山から自社で伐採・製材・乾燥した天然木を直販。ご希望サイズへの1カット無料・厚み調整無料。写真の現物1点をお届けします。,https://junshin.base.ec/items/153503565?utm_source=pinterest&utm_medium=catalog&utm_campaign=shelf,https://base-ec2.akamaized.net/images/item/origin/129defd29f84617cb4861e879a2238f8.jpg,5320 JPY,in stock,new,Junshin -潤森-,Hardware > Building Materials > Lumber & Sheet Stock,棚板・カウンター材
base-153503807,一枚板 テーブル天板 無垢材｜サクラ ヤマザクラ 山桜 チェリー 1110mm×0~306mm×40mm,サクラ ヤマザクラ 山桜 チェリーの一枚板 1110mm×0~306mm×40mm。新潟の山から自社で伐採・製材・乾燥した天然木を直販。ご希望サイズへの1カット無料・厚み調整無料。写真の現物1点をお届けします。,https://junshin.base.ec/items/153503807?utm_source=pinterest&utm_medium=catalog&utm_campaign=table,https://base-ec2.akamaized.net/images/item/origin/77c0d6ee4c57c72cc082d7ec63db302f.jpg,7390 JPY,in stock,new,Junshin -潤森-,Hardware > Building Materials > Lumber & Sheet Stock,一枚板テーブル天板
base-153504020,一枚板 テーブル天板 無垢材｜クルミ オニグルミ 鬼胡桃 ウォールナット 1200mm×235~430mm×52mm,クルミ オニグルミ 鬼胡桃 ウォールナットの一枚板 1200mm×235~430mm×52mm。新潟の山から自社で伐採・製材・乾燥した天然木を直販。ご希望サイズへの1カット無料・厚み調整無料。写真の現物1点をお届けします。,https://junshin.base.ec/items/153504020?utm_source=pinterest&utm_medium=catalog&utm_campaign=table,https://base-ec2.akamaized.net/images/item/origin/d1acafed2fb2aae102a02ed3e7d9bd68.jpg,15430 JPY,in stock,new,Junshin -潤森-,Hardware > Building Materials > Lumber & Sheet Stock,一枚板テーブル天板
base-153504088,一枚板 テーブル天板 無垢材｜イタヤカエデ 板谷楓 メープル 1400mm×330~410mm×20mm,イタヤカエデ 板谷楓 メープルの一枚板 1400mm×330~410mm×20mm。新潟の山から自社で伐採・製材・乾燥した天然木を直販。ご希望サイズへの1カット無料・厚み調整無料。写真の現物1点をお届けします。,https://junshin.base.ec/items/153504088?utm_source=pinterest&utm_medium=catalog&utm_campaign=table,https://base-ec2.akamaized.net/images/item/origin/91913ff7fa4e4eb5e3d28486f87beebc.jpg,13600 JPY,in stock,new,Junshin -潤森-,Hardware > Building Materials > Lumber & Sheet Stock,一枚板テーブル天板
base-153504125,一枚板 テーブル天板 無垢材｜イタヤカエデ 板谷楓 メープル 1000mm×305~325mm×22mm,イタヤカエデ 板谷楓 メープルの一枚板 1000mm×305~325mm×22mm。新潟の山から自社で伐採・製材・乾燥した天然木を直販。ご希望サイズへの1カット無料・厚み調整無料。写真の現物1点をお届けします。,https://junshin.base.ec/items/153504125?utm_source=pinterest&utm_medium=catalog&utm_campaign=table,https://base-ec2.akamaized.net/images/item/origin/3d898d0b32861b324f8cd26ad26a0017.jpg,8180 JPY,in stock,new,Junshin -潤森-,Hardware > Building Materials > Lumber & Sheet Stock,一枚板テーブル天板
base-153504186,棚板 カウンター材 無垢 一枚板｜イタヤカエデ 板谷楓 メープル 1250mm×265~280mm×21mm,イタヤカエデ 板谷楓 メープルの一枚板 1250mm×265~280mm×21mm。新潟の山から自社で伐採・製材・乾燥した天然木を直販。ご希望サイズへの1カット無料・厚み調整無料。写真の現物1点をお届けします。,https://junshin.base.ec/items/153504186?utm_source=pinterest&utm_medium=catalog&utm_campaign=shelf,https://base-ec2.akamaized.net/images/item/origin/c2260926ecd6309276e885210a032ca0.jpg,5940 JPY,in stock,new,Junshin -潤森-,Hardware > Building Materials > Lumber & Sheet Stock,棚板・カウンター材
base-153504222,一枚板 テーブル天板 無垢材｜トチ 栃 1000mm×375mm×55mm,トチ 栃の一枚板 1000mm×375mm×55mm。新潟の山から自社で伐採・製材・乾燥した天然木を直販。ご希望サイズへの1カット無料・厚み調整無料。写真の現物1点をお届けします。,https://junshin.base.ec/items/153504222?utm_source=pinterest&utm_medium=catalog&utm_campaign=table,https://base-ec2.akamaized.net/images/item/origin/03e2e24943339171a7bdf46bbf73e090.jpg,7500 JPY,in stock,new,Junshin -潤森-,Hardware > Building Materials > Lumber & Sheet Stock,一枚板テーブル天板
base-153504255,棚板 カウンター材 無垢 一枚板｜クルミ オニグルミ 鬼胡桃 ウォールナット 1300mm×230~275mm×32mm,クルミ オニグルミ 鬼胡桃 ウォールナットの一枚板 1300mm×230~275mm×32mm。新潟の山から自社で伐採・製材・乾燥した天然木を直販。ご希望サイズへの1カット無料・厚み調整無料。写真の現物1点をお届けします。,https://junshin.base.ec/items/153504255?utm_source=pinterest&utm_medium=catalog&utm_campaign=shelf,https://base-ec2.akamaized.net/images/item/origin/33781a4bf6e8dde0d3b01d3dcff627fd.jpg,8380 JPY,in stock,new,Junshin -潤森-,Hardware > Building Materials > Lumber & Sheet Stock,棚板・カウンター材
base-153504384,一枚板 テーブル天板 無垢材｜イタヤカエデ 板谷楓 メープル 1550mm×295~350mm×20mm,イタヤカエデ 板谷楓 メープルの一枚板 1550mm×295~350mm×20mm。新潟の山から自社で伐採・製材・乾燥した天然木を直販。ご希望サイズへの1カット無料・厚み調整無料。写真の現物1点をお届けします。,https://junshin.base.ec/items/153504384?utm_source=pinterest&utm_medium=catalog&utm_campaign=table,https://base-ec2.akamaized.net/images/item/origin/ab4e4bd7abd31727f2a853f0320c83e9.jpg,13000 JPY,in stock,new,Junshin -潤森-,Hardware > Building Materials > Lumber & Sheet Stock,一枚板テーブル天板
base-153504542,DIY 木材 無垢 クラフト材｜サクラ ヤマザクラ 山桜 チェリー 700mm×430~470mm×52mm,サクラ ヤマザクラ 山桜 チェリーの一枚板 700mm×430~470mm×52mm。新潟の山から自社で伐採・製材・乾燥した天然木を直販。ご希望サイズへの1カット無料・厚み調整無料。写真の現物1点をお届けします。,https://junshin.base.ec/items/153504542?utm_source=pinterest&utm_medium=catalog&utm_campaign=diy,https://base-ec2.akamaized.net/images/item/origin/599fc53c40ad5169ec8f4ae2c17b1efe.jpg,9160 JPY,in stock,new,Junshin -潤森-,Hardware > Building Materials > Lumber & Sheet Stock,DIY・クラフト材
base-153504583,一枚板 テーブル天板 無垢材｜サクラ ヤマザクラ 山桜 チェリー 1450mm×455~470mm×42mm,サクラ ヤマザクラ 山桜 チェリーの一枚板 1450mm×455~470mm×42mm。新潟の山から自社で伐採・製材・乾燥した天然木を直販。ご希望サイズへの1カット無料・厚み調整無料。写真の現物1点をお届けします。,https://junshin.base.ec/items/153504583?utm_source=pinterest&utm_medium=catalog&utm_campaign=table,https://base-ec2.akamaized.net/images/item/origin/c7aa62101bbbb9be720e36b04c5c192a.jpg,28600 JPY,in stock,new,Junshin -潤森-,Hardware > Building Materials > Lumber & Sheet Stock,一枚板テーブル天板
base-153504629,一枚板 テーブル天板 無垢材｜サクラ ヤマザクラ 山桜 チェリー 800mm×~480mm×46mm,サクラ ヤマザクラ 山桜 チェリーの一枚板 800mm×~480mm×46mm。新潟の山から自社で伐採・製材・乾燥した天然木を直販。ご希望サイズへの1カット無料・厚み調整無料。写真の現物1点をお届けします。,https://junshin.base.ec/items/153504629?utm_source=pinterest&utm_medium=catalog&utm_campaign=table,https://base-ec2.akamaized.net/images/item/origin/e6c58275a0aab5e0f909d0a42d7de9f2.jpg,10600 JPY,in stock,new,Junshin -潤森-,Hardware > Building Materials > Lumber & Sheet Stock,一枚板テーブル天板
base-153504872,棚板 カウンター材 無垢 一枚板｜イチョウ 銀杏 1200mm×210~250mm×30mm,イチョウ 銀杏の一枚板 1200mm×210~250mm×30mm。新潟の山から自社で伐採・製材・乾燥した天然木を直販。ご希望サイズへの1カット無料・厚み調整無料。写真の現物1点をお届けします。,https://junshin.base.ec/items/153504872?utm_source=pinterest&utm_medium=catalog&utm_campaign=shelf,https://base-ec2.akamaized.net/images/item/origin/8eb8b41dfdac47510a227482df1780d9.jpg,6180 JPY,in stock,new,Junshin -潤森-,Hardware > Building Materials > Lumber & Sheet Stock,棚板・カウンター材
base-153504918,棚板 カウンター材 無垢 一枚板｜シナ シナノキ バスウッド 1000mm×205~233mm×20mm,シナ シナノキ バスウッドの一枚板 1000mm×205~233mm×20mm。新潟の山から自社で伐採・製材・乾燥した天然木を直販。ご希望サイズへの1カット無料・厚み調整無料。写真の現物1点をお届けします。,https://junshin.base.ec/items/153504918?utm_source=pinterest&utm_medium=catalog&utm_campaign=shelf,https://base-ec2.akamaized.net/images/item/origin/c269715da5aa59d1a7146127ecf59555.jpg,3600 JPY,in stock,new,Junshin -潤森-,Hardware > Building Materials > Lumber & Sheet Stock,棚板・カウンター材
base-153504957,棚板 カウンター材 無垢 一枚板｜シナ シナノキ バスウッド 1000mm×207~268mm×22mm,シナ シナノキ バスウッドの一枚板 1000mm×207~268mm×22mm。新潟の山から自社で伐採・製材・乾燥した天然木を直販。ご希望サイズへの1カット無料・厚み調整無料。写真の現物1点をお届けします。,https://junshin.base.ec/items/153504957?utm_source=pinterest&utm_medium=catalog&utm_campaign=shelf,https://base-ec2.akamaized.net/images/item/origin/86cf5d1ee66ae0e8752dc8d4173086bd.jpg,4140 JPY,in stock,new,Junshin -潤森-,Hardware > Building Materials > Lumber & Sheet Stock,棚板・カウンター材
base-153505023,棚板 カウンター材 無垢 一枚板｜サクラ ヤマザクラ 山桜 チェリー 1297mm×263~283mm×33mm,サクラ ヤマザクラ 山桜 チェリーの一枚板 1297mm×263~283mm×33mm。新潟の山から自社で伐採・製材・乾燥した天然木を直販。ご希望サイズへの1カット無料・厚み調整無料。写真の現物1点をお届けします。,https://junshin.base.ec/items/153505023?utm_source=pinterest&utm_medium=catalog&utm_campaign=shelf,https://base-ec2.akamaized.net/images/item/origin/a0ed2c480ebf6ce7cc03cfc42d17229e.jpg,8700 JPY,in stock,new,Junshin -潤森-,Hardware > Building Materials > Lumber & Sheet Stock,棚板・カウンター材
base-153505261,一枚板 テーブル天板 無垢材｜サクラ ヤマザクラ 山桜 チェリー 900mm×260~415mm×34mm,サクラ ヤマザクラ 山桜 チェリーの一枚板 900mm×260~415mm×34mm。新潟の山から自社で伐採・製材・乾燥した天然木を直販。ご希望サイズへの1カット無料・厚み調整無料。写真の現物1点をお届けします。,https://junshin.base.ec/items/153505261?utm_source=pinterest&utm_medium=catalog&utm_campaign=table,https://base-ec2.akamaized.net/images/item/origin/1a0ba162c23f5c06f5dc322f0133ff80.jpg,8200 JPY,in stock,new,Junshin -潤森-,Hardware > Building Materials > Lumber & Sheet Stock,一枚板テーブル天板
base-153505301,一枚板 テーブル天板 無垢材｜サクラ ヤマザクラ 山桜 チェリー 1300mm×480~485mm×39mm,サクラ ヤマザクラ 山桜 チェリーの一枚板 1300mm×480~485mm×39mm。新潟の山から自社で伐採・製材・乾燥した天然木を直販。ご希望サイズへの1カット無料・厚み調整無料。写真の現物1点をお届けします。,https://junshin.base.ec/items/153505301?utm_source=pinterest&utm_medium=catalog&utm_campaign=table,https://base-ec2.akamaized.net/images/item/origin/93771bbaac8598115f606646f2237a97.jpg,25100 JPY,in stock,new,Junshin -潤森-,Hardware > Building Materials > Lumber & Sheet Stock,一枚板テーブル天板
base-153505337,一枚板 テーブル天板 無垢材｜ダークレッドメランチ ラワン類 外材 1100mm×295~330mm×22mm,ダークレッドメランチ ラワン類 外材の一枚板 1100mm×295~330mm×22mm。新潟の山から自社で伐採・製材・乾燥した天然木を直販。ご希望サイズへの1カット無料・厚み調整無料。写真の現物1点をお届けします。,https://junshin.base.ec/items/153505337?utm_source=pinterest&utm_medium=catalog&utm_campaign=table,https://base-ec2.akamaized.net/images/item/origin/77f18b66fb2f315448f49347ba112e71.jpg,8480 JPY,in stock,new,Junshin -潤森-,Hardware > Building Materials > Lumber & Sheet Stock,一枚板テーブル天板
base-153505401,一枚板 テーブル天板 無垢材｜クヌギ 椚 櫟 1050mm×245~400mm×37mm,クヌギ 椚 櫟の一枚板 1050mm×245~400mm×37mm。新潟の山から自社で伐採・製材・乾燥した天然木を直販。ご希望サイズへの1カット無料・厚み調整無料。写真の現物1点をお届けします。,https://junshin.base.ec/items/153505401?utm_source=pinterest&utm_medium=catalog&utm_campaign=table,https://base-ec2.akamaized.net/images/item/origin/c5b11d8ade2a339b100943e3363a2e90.jpg,7800 JPY,in stock,new,Junshin -潤森-,Hardware > Building Materials > Lumber & Sheet Stock,一枚板テーブル天板
base-153505427,一枚板 テーブル天板 無垢材｜サクラ ヤマザクラ 山桜 チェリー 800mm×265~268mm×51mm,サクラ ヤマザクラ 山桜 チェリーの一枚板 800mm×265~268mm×51mm。新潟の山から自社で伐採・製材・乾燥した天然木を直販。ご希望サイズへの1カット無料・厚み調整無料。写真の現物1点をお届けします。,https://junshin.base.ec/items/153505427?utm_source=pinterest&utm_medium=catalog&utm_campaign=table,https://base-ec2.akamaized.net/images/item/origin/c6ff53dfa20841457e8588b3cfcba22a.jpg,7290 JPY,in stock,new,Junshin -潤森-,Hardware > Building Materials > Lumber & Sheet Stock,一枚板テーブル天板
base-153505560,一枚板 テーブル天板 無垢材｜サクラ ヤマザクラ 山桜 チェリー 1300mm×323~327mm×42mm,サクラ ヤマザクラ 山桜 チェリーの一枚板 1300mm×323~327mm×42mm。新潟の山から自社で伐採・製材・乾燥した天然木を直販。ご希望サイズへの1カット無料・厚み調整無料。写真の現物1点をお届けします。,https://junshin.base.ec/items/153505560?utm_source=pinterest&utm_medium=catalog&utm_campaign=table,https://base-ec2.akamaized.net/images/item/origin/dc36715dc20e4e9dfadbf056277abe1e.jpg,13200 JPY,in stock,new,Junshin -潤森-,Hardware > Building Materials > Lumber & Sheet Stock,一枚板テーブル天板
base-153505678,一枚板 テーブル天板 無垢材｜イタヤカエデ 板谷楓 メープル 1150mm×330~395mm×22mm,イタヤカエデ 板谷楓 メープルの一枚板 1150mm×330~395mm×22mm。新潟の山から自社で伐採・製材・乾燥した天然木を直販。ご希望サイズへの1カット無料・厚み調整無料。写真の現物1点をお届けします。,https://junshin.base.ec/items/153505678?utm_source=pinterest&utm_medium=catalog&utm_campaign=table,https://base-ec2.akamaized.net/images/item/origin/612f1c4e3cfd5906b76072d095e6bfe3.jpg,10500 JPY,in stock,new,Junshin -潤森-,Hardware > Building Materials > Lumber & Sheet Stock,一枚板テーブル天板
base-153505711,一枚板 テーブル天板 無垢材｜イタヤカエデ 板谷楓 メープル 1000mm×263~320mm×22mm,イタヤカエデ 板谷楓 メープルの一枚板 1000mm×263~320mm×22mm。新潟の山から自社で伐採・製材・乾燥した天然木を直販。ご希望サイズへの1カット無料・厚み調整無料。写真の現物1点をお届けします。,https://junshin.base.ec/items/153505711?utm_source=pinterest&utm_medium=catalog&utm_campaign=table,https://base-ec2.akamaized.net/images/item/origin/5b67b2181be52b96d49a630f1cdb43f1.jpg,5200 JPY,in stock,new,Junshin -潤森-,Hardware > Building Materials > Lumber & Sheet Stock,一枚板テーブル天板
base-153505758,一枚板 テーブル天板 無垢材｜イタヤカエデ 板谷楓 メープル 1550mm×307~355mm×20mm,イタヤカエデ 板谷楓 メープルの一枚板 1550mm×307~355mm×20mm。新潟の山から自社で伐採・製材・乾燥した天然木を直販。ご希望サイズへの1カット無料・厚み調整無料。写真の現物1点をお届けします。,https://junshin.base.ec/items/153505758?utm_source=pinterest&utm_medium=catalog&utm_campaign=table,https://base-ec2.akamaized.net/images/item/origin/6b6ce59e04e24bf15a4bb50e76f90f12.jpg,9500 JPY,in stock,new,Junshin -潤森-,Hardware > Building Materials > Lumber & Sheet Stock,一枚板テーブル天板
base-153505776,棚板 カウンター材 無垢 一枚板｜ケンポナシ 玄圃梨 1105mm×185~243mm×30mm,ケンポナシ 玄圃梨の一枚板 1105mm×185~243mm×30mm。新潟の山から自社で伐採・製材・乾燥した天然木を直販。ご希望サイズへの1カット無料・厚み調整無料。写真の現物1点をお届けします。,https://junshin.base.ec/items/153505776?utm_source=pinterest&utm_medium=catalog&utm_campaign=shelf,https://base-ec2.akamaized.net/images/item/origin/44c293fd9a3dd0abca0eed6ea5f48ffa.jpg,7190 JPY,in stock,new,Junshin -潤森-,Hardware > Building Materials > Lumber & Sheet Stock,棚板・カウンター材
base-153505794,一枚板 テーブル天板 無垢材｜サクラ ヤマザクラ 山桜 チェリー 1000mm×440~472mm×41mm,サクラ ヤマザクラ 山桜 チェリーの一枚板 1000mm×440~472mm×41mm。新潟の山から自社で伐採・製材・乾燥した天然木を直販。ご希望サイズへの1カット無料・厚み調整無料。写真の現物1点をお届けします。,https://junshin.base.ec/items/153505794?utm_source=pinterest&utm_medium=catalog&utm_campaign=table,https://base-ec2.akamaized.net/images/item/origin/380173112444dd3d9bbd0caed51f9c59.jpg,19000 JPY,in stock,new,Junshin -潤森-,Hardware > Building Materials > Lumber & Sheet Stock,一枚板テーブル天板
base-153505812,棚板 カウンター材 無垢 一枚板｜ダークレッドメランチ ラワン類 外材 1100mm×290mm×22mm,ダークレッドメランチ ラワン類 外材の一枚板 1100mm×290mm×22mm。新潟の山から自社で伐採・製材・乾燥した天然木を直販。ご希望サイズへの1カット無料・厚み調整無料。写真の現物1点をお届けします。,https://junshin.base.ec/items/153505812?utm_source=pinterest&utm_medium=catalog&utm_campaign=shelf,https://base-ec2.akamaized.net/images/item/origin/cd3cc865e3a7aeddee004f38a2ed78ff.jpg,7980 JPY,in stock,new,Junshin -潤森-,Hardware > Building Materials > Lumber & Sheet Stock,棚板・カウンター材
base-153505827,一枚板 テーブル天板 無垢材｜サクラ ヤマザクラ 山桜 チェリー 1500mm×330mm×46mm,サクラ ヤマザクラ 山桜 チェリーの一枚板 1500mm×330mm×46mm。新潟の山から自社で伐採・製材・乾燥した天然木を直販。ご希望サイズへの1カット無料・厚み調整無料。写真の現物1点をお届けします。,https://junshin.base.ec/items/153505827?utm_source=pinterest&utm_medium=catalog&utm_campaign=table,https://base-ec2.akamaized.net/images/item/origin/883db731dfa0f3801dbb8846353e6452.jpg,16500 JPY,in stock,new,Junshin -潤森-,Hardware > Building Materials > Lumber & Sheet Stock,一枚板テーブル天板
base-153505886,一枚板 テーブル天板 無垢材｜サクラ ヤマザクラ 山桜 チェリー 1500mm×298~302mm×38mm,サクラ ヤマザクラ 山桜 チェリーの一枚板 1500mm×298~302mm×38mm。新潟の山から自社で伐採・製材・乾燥した天然木を直販。ご希望サイズへの1カット無料・厚み調整無料。写真の現物1点をお届けします。,https://junshin.base.ec/items/153505886?utm_source=pinterest&utm_medium=catalog&utm_campaign=table,https://base-ec2.akamaized.net/images/item/origin/36d2ea23686d78450c24eb84b5d10348.jpg,14260 JPY,in stock,new,Junshin -潤森-,Hardware > Building Materials > Lumber & Sheet Stock,一枚板テーブル天板
base-153506131,一枚板 テーブル天板 無垢材｜ダークレッドメランチ ラワン類 外材 1300mm×265~305mm×23mm,ダークレッドメランチ ラワン類 外材の一枚板 1300mm×265~305mm×23mm。新潟の山から自社で伐採・製材・乾燥した天然木を直販。ご希望サイズへの1カット無料・厚み調整無料。写真の現物1点をお届けします。,https://junshin.base.ec/items/153506131?utm_source=pinterest&utm_medium=catalog&utm_campaign=table,https://base-ec2.akamaized.net/images/item/origin/4e109960e40e0ac6b3ce9eccb8ed78b5.jpg,9980 JPY,in stock,new,Junshin -潤森-,Hardware > Building Materials > Lumber & Sheet Stock,一枚板テーブル天板
base-153506148,DIY 木材 無垢 クラフト材｜サクラ ヤマザクラ 山桜 チェリー 750mm×365~480mm×45mm,サクラ ヤマザクラ 山桜 チェリーの一枚板 750mm×365~480mm×45mm。新潟の山から自社で伐採・製材・乾燥した天然木を直販。ご希望サイズへの1カット無料・厚み調整無料。写真の現物1点をお届けします。,https://junshin.base.ec/items/153506148?utm_source=pinterest&utm_medium=catalog&utm_campaign=diy,https://base-ec2.akamaized.net/images/item/origin/bd6c65ecf1262c3f6ec7d100f607cccf.jpg,14340 JPY,in stock,new,Junshin -潤森-,Hardware > Building Materials > Lumber & Sheet Stock,DIY・クラフト材
base-153506182,一枚板 テーブル天板 無垢材｜クルミ オニグルミ 鬼胡桃 ウォールナット 1045mm×270~455mm×32mm,クルミ オニグルミ 鬼胡桃 ウォールナットの一枚板 1045mm×270~455mm×32mm。新潟の山から自社で伐採・製材・乾燥した天然木を直販。ご希望サイズへの1カット無料・厚み調整無料。写真の現物1点をお届けします。,https://junshin.base.ec/items/153506182?utm_source=pinterest&utm_medium=catalog&utm_campaign=table,https://base-ec2.akamaized.net/images/item/origin/6b0ef2e45d6fdf565eaae2cb6f044803.jpg,9140 JPY,in stock,new,Junshin -潤森-,Hardware > Building Materials > Lumber & Sheet Stock,一枚板テーブル天板
base-153506303,一枚板 テーブル天板 無垢材｜クルミ オニグルミ 鬼胡桃 ウォールナット 998mm×396~455mm×48mm,クルミ オニグルミ 鬼胡桃 ウォールナットの一枚板 998mm×396~455mm×48mm。新潟の山から自社で伐採・製材・乾燥した天然木を直販。ご希望サイズへの1カット無料・厚み調整無料。写真の現物1点をお届けします。,https://junshin.base.ec/items/153506303?utm_source=pinterest&utm_medium=catalog&utm_campaign=table,https://base-ec2.akamaized.net/images/item/origin/6a58f67dd1e4da0385f43aba1835dae8.jpg,11800 JPY,in stock,new,Junshin -潤森-,Hardware > Building Materials > Lumber & Sheet Stock,一枚板テーブル天板
base-153506422,一枚板 テーブル天板 無垢材｜クルミ オニグルミ 鬼胡桃 ウォールナット 1300mm×343~408mm×53mm,クルミ オニグルミ 鬼胡桃 ウォールナットの一枚板 1300mm×343~408mm×53mm。新潟の山から自社で伐採・製材・乾燥した天然木を直販。ご希望サイズへの1カット無料・厚み調整無料。写真の現物1点をお届けします。,https://junshin.base.ec/items/153506422?utm_source=pinterest&utm_medium=catalog&utm_campaign=table,https://base-ec2.akamaized.net/images/item/origin/f4ef6f940d4b3b36909d6f9dcdec7ed4.jpg,13800 JPY,in stock,new,Junshin -潤森-,Hardware > Building Materials > Lumber & Sheet Stock,一枚板テーブル天板
base-153506505,一枚板 テーブル天板 無垢材｜サクラ ヤマザクラ 山桜 チェリー 900mm×235~260mm×44mm,サクラ ヤマザクラ 山桜 チェリーの一枚板 900mm×235~260mm×44mm。新潟の山から自社で伐採・製材・乾燥した天然木を直販。ご希望サイズへの1カット無料・厚み調整無料。写真の現物1点をお届けします。,https://junshin.base.ec/items/153506505?utm_source=pinterest&utm_medium=catalog&utm_campaign=table,https://base-ec2.akamaized.net/images/item/origin/50892f6faab45d4bbdc258c2b87e3318.jpg,6350 JPY,in stock,new,Junshin -潤森-,Hardware > Building Materials > Lumber & Sheet Stock,一枚板テーブル天板
base-153506537,棚板 カウンター材 無垢 一枚板｜サクラ ヤマザクラ 山桜 チェリー 1250mm×195~275mm×36mm,サクラ ヤマザクラ 山桜 チェリーの一枚板 1250mm×195~275mm×36mm。新潟の山から自社で伐採・製材・乾燥した天然木を直販。ご希望サイズへの1カット無料・厚み調整無料。写真の現物1点をお届けします。,https://junshin.base.ec/items/153506537?utm_source=pinterest&utm_medium=catalog&utm_campaign=shelf,https://base-ec2.akamaized.net/images/item/origin/1d5be6f04ff3d99c0e407b7a2df1646a.jpg,8160 JPY,in stock,new,Junshin -潤森-,Hardware > Building Materials > Lumber & Sheet Stock,棚板・カウンター材
base-153506567,棚板 カウンター材 無垢 一枚板｜イタヤカエデ 板谷楓 メープル 1200mm×275~295mm×20mm,イタヤカエデ 板谷楓 メープルの一枚板 1200mm×275~295mm×20mm。新潟の山から自社で伐採・製材・乾燥した天然木を直販。ご希望サイズへの1カット無料・厚み調整無料。写真の現物1点をお届けします。,https://junshin.base.ec/items/153506567?utm_source=pinterest&utm_medium=catalog&utm_campaign=shelf,https://base-ec2.akamaized.net/images/item/origin/386e14e3cdac33a7f1e8ce29495b0ad1.jpg,5520 JPY,in stock,new,Junshin -潤森-,Hardware > Building Materials > Lumber & Sheet Stock,棚板・カウンター材
base-153506592,棚板 カウンター材 無垢 一枚板｜キハダ 黄肌 900mm×235~240mm×36mm,キハダ 黄肌の一枚板 900mm×235~240mm×36mm。新潟の山から自社で伐採・製材・乾燥した天然木を直販。ご希望サイズへの1カット無料・厚み調整無料。写真の現物1点をお届けします。,https://junshin.base.ec/items/153506592?utm_source=pinterest&utm_medium=catalog&utm_campaign=shelf,https://base-ec2.akamaized.net/images/item/origin/9620336d3aaf88ef9cb35ae65f5bf528.jpg,4130 JPY,in stock,new,Junshin -潤森-,Hardware > Building Materials > Lumber & Sheet Stock,棚板・カウンター材
base-153506619,棚板 カウンター材 無垢 一枚板｜イチョウ 銀杏 900mm×233~260mm×31mm,イチョウ 銀杏の一枚板 900mm×233~260mm×31mm。新潟の山から自社で伐採・製材・乾燥した天然木を直販。ご希望サイズへの1カット無料・厚み調整無料。写真の現物1点をお届けします。,https://junshin.base.ec/items/153506619?utm_source=pinterest&utm_medium=catalog&utm_campaign=shelf,https://base-ec2.akamaized.net/images/item/origin/3fec0765de8ccb853a9a7f40cca68d6e.jpg,5230 JPY,in stock,new,Junshin -潤森-,Hardware > Building Materials > Lumber & Sheet Stock,棚板・カウンター材
base-153506648,棚板 カウンター材 無垢 一枚板｜ダークレッドメランチ ラワン類 外材 950mm×145~175mm×21mm,ダークレッドメランチ ラワン類 外材の一枚板 950mm×145~175mm×21mm。新潟の山から自社で伐採・製材・乾燥した天然木を直販。ご希望サイズへの1カット無料・厚み調整無料。写真の現物1点をお届けします。,https://junshin.base.ec/items/153506648?utm_source=pinterest&utm_medium=catalog&utm_campaign=shelf,https://base-ec2.akamaized.net/images/item/origin/f8aae7eb1743faa27de1020d76ee3495.jpg,4200 JPY,in stock,new,Junshin -潤森-,Hardware > Building Materials > Lumber & Sheet Stock,棚板・カウンター材
base-153506669,一枚板 テーブル天板 無垢材｜サクラ ヤマザクラ 山桜 チェリー 1300mm×400~470mm×49mm,サクラ ヤマザクラ 山桜 チェリーの一枚板 1300mm×400~470mm×49mm。新潟の山から自社で伐採・製材・乾燥した天然木を直販。ご希望サイズへの1カット無料・厚み調整無料。写真の現物1点をお届けします。,https://junshin.base.ec/items/153506669?utm_source=pinterest&utm_medium=catalog&utm_campaign=table,https://base-ec2.akamaized.net/images/item/origin/5982485e3aaf7e802d92867e6a5a2d2e.jpg,29900 JPY,in stock,new,Junshin -潤森-,Hardware > Building Materials > Lumber & Sheet Stock,一枚板テーブル天板
base-153506701,一枚板 テーブル天板 無垢材｜シナ シナノキ バスウッド 1100mm×315~358mm×24mm,シナ シナノキ バスウッドの一枚板 1100mm×315~358mm×24mm。新潟の山から自社で伐採・製材・乾燥した天然木を直販。ご希望サイズへの1カット無料・厚み調整無料。写真の現物1点をお届けします。,https://junshin.base.ec/items/153506701?utm_source=pinterest&utm_medium=catalog&utm_campaign=table,https://base-ec2.akamaized.net/images/item/origin/36dd4728c0bc8e32ccdb34bee74e8e57.jpg,6400 JPY,in stock,new,Junshin -潤森-,Hardware > Building Materials > Lumber & Sheet Stock,一枚板テーブル天板
base-153506729,棚板 カウンター材 無垢 一枚板｜ケンポナシ 玄圃梨 1500mm×230~245mm×28mm,ケンポナシ 玄圃梨の一枚板 1500mm×230~245mm×28mm。新潟の山から自社で伐採・製材・乾燥した天然木を直販。ご希望サイズへの1カット無料・厚み調整無料。写真の現物1点をお届けします。,https://junshin.base.ec/items/153506729?utm_source=pinterest&utm_medium=catalog&utm_campaign=shelf,https://base-ec2.akamaized.net/images/item/origin/64a48a3a58b3469c698fb9919018c03d.jpg,9820 JPY,in stock,new,Junshin -潤森-,Hardware > Building Materials > Lumber & Sheet Stock,棚板・カウンター材
base-153506753,一枚板 テーブル天板 無垢材｜クルミ オニグルミ 鬼胡桃 ウォールナット 900mm×295~298mm×44mm,クルミ オニグルミ 鬼胡桃 ウォールナットの一枚板 900mm×295~298mm×44mm。新潟の山から自社で伐採・製材・乾燥した天然木を直販。ご希望サイズへの1カット無料・厚み調整無料。写真の現物1点をお届けします。,https://junshin.base.ec/items/153506753?utm_source=pinterest&utm_medium=catalog&utm_campaign=table,https://base-ec2.akamaized.net/images/item/origin/eaef81c6dfa4cdab1d00a8d6bb1cb466.jpg,7400 JPY,in stock,new,Junshin -潤森-,Hardware > Building Materials > Lumber & Sheet Stock,一枚板テーブル天板
base-153506773,棚板 カウンター材 無垢 一枚板｜イチョウ 銀杏 1050mm×243~267mm×29mm,イチョウ 銀杏の一枚板 1050mm×243~267mm×29mm。新潟の山から自社で伐採・製材・乾燥した天然木を直販。ご希望サイズへの1カット無料・厚み調整無料。写真の現物1点をお届けします。,https://junshin.base.ec/items/153506773?utm_source=pinterest&utm_medium=catalog&utm_campaign=shelf,https://base-ec2.akamaized.net/images/item/origin/4b888d500521a84474bf2a216b197a33.jpg,5650 JPY,in stock,new,Junshin -潤森-,Hardware > Building Materials > Lumber & Sheet Stock,棚板・カウンター材
base-153506797,棚板 カウンター材 無垢 一枚板｜シナ シナノキ バスウッド 1300mm×280~296mm×23mm,シナ シナノキ バスウッドの一枚板 1300mm×280~296mm×23mm。新潟の山から自社で伐採・製材・乾燥した天然木を直販。ご希望サイズへの1カット無料・厚み調整無料。写真の現物1点をお届けします。,https://junshin.base.ec/items/153506797?utm_source=pinterest&utm_medium=catalog&utm_campaign=shelf,https://base-ec2.akamaized.net/images/item/origin/4cd3951c6146def67b07b342a336b006.jpg,6520 JPY,in stock,new,Junshin -潤森-,Hardware > Building Materials > Lumber & Sheet Stock,棚板・カウンター材
base-153507063,棚板 カウンター材 無垢 一枚板｜イチョウ 銀杏 900mm×256~280mm×33mm,イチョウ 銀杏の一枚板 900mm×256~280mm×33mm。新潟の山から自社で伐採・製材・乾燥した天然木を直販。ご希望サイズへの1カット無料・厚み調整無料。写真の現物1点をお届けします。,https://junshin.base.ec/items/153507063?utm_source=pinterest&utm_medium=catalog&utm_campaign=shelf,https://base-ec2.akamaized.net/images/item/origin/0b2f1363baef50cfe7b43c61b4c3747b.jpg,5980 JPY,in stock,new,Junshin -潤森-,Hardware > Building Materials > Lumber & Sheet Stock,棚板・カウンター材
base-153507096,一枚板 テーブル天板 無垢材｜ケヤキ 欅 1000mm×275~435mm×34mm,ケヤキ 欅の一枚板 1000mm×275~435mm×34mm。新潟の山から自社で伐採・製材・乾燥した天然木を直販。ご希望サイズへの1カット無料・厚み調整無料。写真の現物1点をお届けします。,https://junshin.base.ec/items/153507096?utm_source=pinterest&utm_medium=catalog&utm_campaign=table,https://base-ec2.akamaized.net/images/item/origin/b4262078b528a9ecc16452defe653ccf.jpg,8700 JPY,in stock,new,Junshin -潤森-,Hardware > Building Materials > Lumber & Sheet Stock,一枚板テーブル天板
base-153507172,一枚板 テーブル天板 無垢材｜サクラ ヤマザクラ 山桜 チェリー 1450mm×400~472mm×46mm,サクラ ヤマザクラ 山桜 チェリーの一枚板 1450mm×400~472mm×46mm。新潟の山から自社で伐採・製材・乾燥した天然木を直販。ご希望サイズへの1カット無料・厚み調整無料。写真の現物1点をお届けします。,https://junshin.base.ec/items/153507172?utm_source=pinterest&utm_medium=catalog&utm_campaign=table,https://base-ec2.akamaized.net/images/item/origin/cea2dfdd0c593c15a9bcd430393bb171.jpg,24300 JPY,in stock,new,Junshin -潤森-,Hardware > Building Materials > Lumber & Sheet Stock,一枚板テーブル天板
base-153507217,一枚板 テーブル天板 無垢材｜クルミ オニグルミ 鬼胡桃 ウォールナット 898mm×290~295mm×43mm,クルミ オニグルミ 鬼胡桃 ウォールナットの一枚板 898mm×290~295mm×43mm。新潟の山から自社で伐採・製材・乾燥した天然木を直販。ご希望サイズへの1カット無料・厚み調整無料。写真の現物1点をお届けします。,https://junshin.base.ec/items/153507217?utm_source=pinterest&utm_medium=catalog&utm_campaign=table,https://base-ec2.akamaized.net/images/item/origin/9803e1905dabf1e5132c76adcfe9d27b.jpg,7700 JPY,in stock,new,Junshin -潤森-,Hardware > Building Materials > Lumber & Sheet Stock,一枚板テーブル天板
base-153507273,一枚板 テーブル天板 無垢材｜キハダ 黄肌 1550mm×280~305mm×33mm,キハダ 黄肌の一枚板 1550mm×280~305mm×33mm。新潟の山から自社で伐採・製材・乾燥した天然木を直販。ご希望サイズへの1カット無料・厚み調整無料。写真の現物1点をお届けします。,https://junshin.base.ec/items/153507273?utm_source=pinterest&utm_medium=catalog&utm_campaign=table,https://base-ec2.akamaized.net/images/item/origin/4689a5dffa29bb078e20faafdf3fa144.jpg,8280 JPY,in stock,new,Junshin -潤森-,Hardware > Building Materials > Lumber & Sheet Stock,一枚板テーブル天板
base-153507325,一枚板 テーブル天板 無垢材｜サクラ ヤマザクラ 山桜 チェリー 897mm×230~300mm×50mm,サクラ ヤマザクラ 山桜 チェリーの一枚板 897mm×230~300mm×50mm。新潟の山から自社で伐採・製材・乾燥した天然木を直販。ご希望サイズへの1カット無料・厚み調整無料。写真の現物1点をお届けします。,https://junshin.base.ec/items/153507325?utm_source=pinterest&utm_medium=catalog&utm_campaign=table,https://base-ec2.akamaized.net/images/item/origin/ee846ff592e890dc6f4092783177b51b.jpg,8800 JPY,in stock,new,Junshin -潤森-,Hardware > Building Materials > Lumber & Sheet Stock,一枚板テーブル天板
base-153507380,一枚板 テーブル天板 無垢材｜サクラ ヤマザクラ 山桜 チェリー 950mm×325~420mm×47mm,サクラ ヤマザクラ 山桜 チェリーの一枚板 950mm×325~420mm×47mm。新潟の山から自社で伐採・製材・乾燥した天然木を直販。ご希望サイズへの1カット無料・厚み調整無料。写真の現物1点をお届けします。,https://junshin.base.ec/items/153507380?utm_source=pinterest&utm_medium=catalog&utm_campaign=table,https://base-ec2.akamaized.net/images/item/origin/2a6678b0b7d25e0e95086b2cee3a6780.jpg,11300 JPY,in stock,new,Junshin -潤森-,Hardware > Building Materials > Lumber & Sheet Stock,一枚板テーブル天板
base-153507433,棚板 カウンター材 無垢 一枚板｜シナ シナノキ バスウッド 1000mm×262~293mm×23mm,シナ シナノキ バスウッドの一枚板 1000mm×262~293mm×23mm。新潟の山から自社で伐採・製材・乾燥した天然木を直販。ご希望サイズへの1カット無料・厚み調整無料。写真の現物1点をお届けします。,https://junshin.base.ec/items/153507433?utm_source=pinterest&utm_medium=catalog&utm_campaign=shelf,https://base-ec2.akamaized.net/images/item/origin/47092e286afb7080ac40b6893e37aa54.jpg,4400 JPY,in stock,new,Junshin -潤森-,Hardware > Building Materials > Lumber & Sheet Stock,棚板・カウンター材
base-153507485,棚板 カウンター材 無垢 一枚板｜シナ シナノキ バスウッド 1000mm×230~247mm×24mm,シナ シナノキ バスウッドの一枚板 1000mm×230~247mm×24mm。新潟の山から自社で伐採・製材・乾燥した天然木を直販。ご希望サイズへの1カット無料・厚み調整無料。写真の現物1点をお届けします。,https://junshin.base.ec/items/153507485?utm_source=pinterest&utm_medium=catalog&utm_campaign=shelf,https://base-ec2.akamaized.net/images/item/origin/2448c08d8826192ab623be3f92a54279.jpg,4100 JPY,in stock,new,Junshin -潤森-,Hardware > Building Materials > Lumber & Sheet Stock,棚板・カウンター材
base-153507537,棚板 カウンター材 無垢 一枚板｜シナ シナノキ バスウッド 998mm×245~257mm×24mm,シナ シナノキ バスウッドの一枚板 998mm×245~257mm×24mm。新潟の山から自社で伐採・製材・乾燥した天然木を直販。ご希望サイズへの1カット無料・厚み調整無料。写真の現物1点をお届けします。,https://junshin.base.ec/items/153507537?utm_source=pinterest&utm_medium=catalog&utm_campaign=shelf,https://base-ec2.akamaized.net/images/item/origin/e455e63a183577f8bce6197a8f7e7eb8.jpg,4400 JPY,in stock,new,Junshin -潤森-,Hardware > Building Materials > Lumber & Sheet Stock,棚板・カウンター材
base-153507590,一枚板 テーブル天板 無垢材｜シナ シナノキ バスウッド 880mm×275~300mm×24mm,シナ シナノキ バスウッドの一枚板 880mm×275~300mm×24mm。新潟の山から自社で伐採・製材・乾燥した天然木を直販。ご希望サイズへの1カット無料・厚み調整無料。写真の現物1点をお届けします。,https://junshin.base.ec/items/153507590?utm_source=pinterest&utm_medium=catalog&utm_campaign=table,https://base-ec2.akamaized.net/images/item/origin/809145d3bb89cf5c2c06d119e6e46840.jpg,4200 JPY,in stock,new,Junshin -潤森-,Hardware > Building Materials > Lumber & Sheet Stock,一枚板テーブル天板
base-153507635,棚板 カウンター材 無垢 一枚板｜シナ シナノキ バスウッド 1500mm×275~293mm×23mm,シナ シナノキ バスウッドの一枚板 1500mm×275~293mm×23mm。新潟の山から自社で伐採・製材・乾燥した天然木を直販。ご希望サイズへの1カット無料・厚み調整無料。写真の現物1点をお届けします。,https://junshin.base.ec/items/153507635?utm_source=pinterest&utm_medium=catalog&utm_campaign=shelf,https://base-ec2.akamaized.net/images/item/origin/25a5c2d55058523b9e0b8797245eab64.jpg,7400 JPY,in stock,new,Junshin -潤森-,Hardware > Building Materials > Lumber & Sheet Stock,棚板・カウンター材
base-153507683,一枚板 テーブル天板 無垢材｜サクラ ヤマザクラ 山桜 チェリー 900mm×370~400mm×53mm,サクラ ヤマザクラ 山桜 チェリーの一枚板 900mm×370~400mm×53mm。新潟の山から自社で伐採・製材・乾燥した天然木を直販。ご希望サイズへの1カット無料・厚み調整無料。写真の現物1点をお届けします。,https://junshin.base.ec/items/153507683?utm_source=pinterest&utm_medium=catalog&utm_campaign=table,https://base-ec2.akamaized.net/images/item/origin/b8f12c423ae4f5e46f08f10280c09219.jpg,9400 JPY,in stock,new,Junshin -潤森-,Hardware > Building Materials > Lumber & Sheet Stock,一枚板テーブル天板
base-153507730,一枚板 テーブル天板 無垢材｜クルミ オニグルミ 鬼胡桃 ウォールナット 800mm×460mm×47mm,クルミ オニグルミ 鬼胡桃 ウォールナットの一枚板 800mm×460mm×47mm。新潟の山から自社で伐採・製材・乾燥した天然木を直販。ご希望サイズへの1カット無料・厚み調整無料。写真の現物1点をお届けします。,https://junshin.base.ec/items/153507730?utm_source=pinterest&utm_medium=catalog&utm_campaign=table,https://base-ec2.akamaized.net/images/item/origin/d202068f7f6a43804c72f181698c1712.jpg,11330 JPY,in stock,new,Junshin -潤森-,Hardware > Building Materials > Lumber & Sheet Stock,一枚板テーブル天板
base-153507762,DIY 木材 無垢 クラフト材｜クルミ オニグルミ 鬼胡桃 ウォールナット 700mm×467mm×47mm,クルミ オニグルミ 鬼胡桃 ウォールナットの一枚板 700mm×467mm×47mm。新潟の山から自社で伐採・製材・乾燥した天然木を直販。ご希望サイズへの1カット無料・厚み調整無料。写真の現物1点をお届けします。,https://junshin.base.ec/items/153507762?utm_source=pinterest&utm_medium=catalog&utm_campaign=diy,https://base-ec2.akamaized.net/images/item/origin/cb1e931e93868da6ce6426444ae8223e.jpg,9460 JPY,in stock,new,Junshin -潤森-,Hardware > Building Materials > Lumber & Sheet Stock,DIY・クラフト材
base-153507794,棚板 カウンター材 無垢 一枚板｜クルミ オニグルミ 鬼胡桃 ウォールナット 900mm×270mm×30mm,クルミ オニグルミ 鬼胡桃 ウォールナットの一枚板 900mm×270mm×30mm。新潟の山から自社で伐採・製材・乾燥した天然木を直販。ご希望サイズへの1カット無料・厚み調整無料。写真の現物1点をお届けします。,https://junshin.base.ec/items/153507794?utm_source=pinterest&utm_medium=catalog&utm_campaign=shelf,https://base-ec2.akamaized.net/images/item/origin/0d97bfdb2c64933a89c68228b158443a.jpg,5170 JPY,in stock,new,Junshin -潤森-,Hardware > Building Materials > Lumber & Sheet Stock,棚板・カウンター材
base-153507938,棚板 カウンター材 無垢 一枚板｜サクラ ヤマザクラ 山桜 チェリー 1600mm×229mm×32mm,サクラ ヤマザクラ 山桜 チェリーの一枚板 1600mm×229mm×32mm。新潟の山から自社で伐採・製材・乾燥した天然木を直販。ご希望サイズへの1カット無料・厚み調整無料。写真の現物1点をお届けします。,https://junshin.base.ec/items/153507938?utm_source=pinterest&utm_medium=catalog&utm_campaign=shelf,https://base-ec2.akamaized.net/images/item/origin/abb0a026ed1d874fd3a59a971b06c285.jpg,12800 JPY,in stock,new,Junshin -潤森-,Hardware > Building Materials > Lumber & Sheet Stock,棚板・カウンター材
base-153507976,一枚板 テーブル天板 無垢材｜ホオノキ ホオ 朴 900mm×220mm×42mm,ホオノキ ホオ 朴の一枚板 900mm×220mm×42mm。新潟の山から自社で伐採・製材・乾燥した天然木を直販。ご希望サイズへの1カット無料・厚み調整無料。写真の現物1点をお届けします。,https://junshin.base.ec/items/153507976?utm_source=pinterest&utm_medium=catalog&utm_campaign=table,https://base-ec2.akamaized.net/images/item/origin/0e0083b8506c203139495541d85e0ee3.jpg,4950 JPY,in stock,new,Junshin -潤森-,Hardware > Building Materials > Lumber & Sheet Stock,一枚板テーブル天板
base-153508073,一枚板 テーブル天板 無垢材｜クルミ オニグルミ 鬼胡桃 ウォールナット 900mm×390mm×51mm,クルミ オニグルミ 鬼胡桃 ウォールナットの一枚板 900mm×390mm×51mm。新潟の山から自社で伐採・製材・乾燥した天然木を直販。ご希望サイズへの1カット無料・厚み調整無料。写真の現物1点をお届けします。,https://junshin.base.ec/items/153508073?utm_source=pinterest&utm_medium=catalog&utm_campaign=table,https://base-ec2.akamaized.net/images/item/origin/a65d453d57693618f1c88f0b5a04fc20.jpg,10670 JPY,in stock,new,Junshin -潤森-,Hardware > Building Materials > Lumber & Sheet Stock,一枚板テーブル天板
base-153508181,棚板 カウンター材 無垢 一枚板｜ホオノキ ホオ 朴 1500mm×221mm×32mm,ホオノキ ホオ 朴の一枚板 1500mm×221mm×32mm。新潟の山から自社で伐採・製材・乾燥した天然木を直販。ご希望サイズへの1カット無料・厚み調整無料。写真の現物1点をお届けします。,https://junshin.base.ec/items/153508181?utm_source=pinterest&utm_medium=catalog&utm_campaign=shelf,https://base-ec2.akamaized.net/images/item/origin/9ce1c3277a60a9669fe2ccb26671e883.jpg,11000 JPY,in stock,new,Junshin -潤森-,Hardware > Building Materials > Lumber & Sheet Stock,棚板・カウンター材
base-153508217,棚板 カウンター材 無垢 一枚板｜ホオノキ ホオ 朴 1450mm×220mm×33mm,ホオノキ ホオ 朴の一枚板 1450mm×220mm×33mm。新潟の山から自社で伐採・製材・乾燥した天然木を直販。ご希望サイズへの1カット無料・厚み調整無料。写真の現物1点をお届けします。,https://junshin.base.ec/items/153508217?utm_source=pinterest&utm_medium=catalog&utm_campaign=shelf,https://base-ec2.akamaized.net/images/item/origin/bb8a79860b62e06f1574e6df74f9e4bb.jpg,7950 JPY,in stock,new,Junshin -潤森-,Hardware > Building Materials > Lumber & Sheet Stock,棚板・カウンター材
base-153508241,一枚板 テーブル天板 無垢材｜クルミ オニグルミ 鬼胡桃 ウォールナット 1000mm×463mm×46mm,クルミ オニグルミ 鬼胡桃 ウォールナットの一枚板 1000mm×463mm×46mm。新潟の山から自社で伐採・製材・乾燥した天然木を直販。ご希望サイズへの1カット無料・厚み調整無料。写真の現物1点をお届けします。,https://junshin.base.ec/items/153508241?utm_source=pinterest&utm_medium=catalog&utm_campaign=table,https://base-ec2.akamaized.net/images/item/origin/e427eec62fc8a972cc8b854d6e79c84c.jpg,12600 JPY,in stock,new,Junshin -潤森-,Hardware > Building Materials > Lumber & Sheet Stock,一枚板テーブル天板
base-153508277,まな板 木製 一枚板｜ケヤキ 欅 375mm×390mm×36mm,ケヤキ 欅の一枚板 375mm×390mm×36mm。新潟の山から自社で伐採・製材・乾燥した天然木を直販。ご希望サイズへの1カット無料・厚み調整無料。写真の現物1点をお届けします。,https://junshin.base.ec/items/153508277?utm_source=pinterest&utm_medium=catalog&utm_campaign=manaita,https://base-ec2.akamaized.net/images/item/origin/c2dd8c469f8b3f6eaa8140214def179c.jpg,3300 JPY,in stock,new,Junshin -潤森-,Hardware > Building Materials > Lumber & Sheet Stock,まな板材
base-153508296,棚板 カウンター材 無垢 一枚板｜クルミ オニグルミ 鬼胡桃 ウォールナット 1450mm×270mm×28mm,クルミ オニグルミ 鬼胡桃 ウォールナットの一枚板 1450mm×270mm×28mm。新潟の山から自社で伐採・製材・乾燥した天然木を直販。ご希望サイズへの1カット無料・厚み調整無料。写真の現物1点をお届けします。,https://junshin.base.ec/items/153508296?utm_source=pinterest&utm_medium=catalog&utm_campaign=shelf,https://base-ec2.akamaized.net/images/item/origin/05738e45835b1a2e1a3931a3de358ab5.jpg,11500 JPY,in stock,new,Junshin -潤森-,Hardware > Building Materials > Lumber & Sheet Stock,棚板・カウンター材
base-153508308,一枚板 テーブル天板 無垢材｜クルミ オニグルミ 鬼胡桃 ウォールナット 1200mm×460mm×47mm,クルミ オニグルミ 鬼胡桃 ウォールナットの一枚板 1200mm×460mm×47mm。新潟の山から自社で伐採・製材・乾燥した天然木を直販。ご希望サイズへの1カット無料・厚み調整無料。写真の現物1点をお届けします。,https://junshin.base.ec/items/153508308?utm_source=pinterest&utm_medium=catalog&utm_campaign=table,https://base-ec2.akamaized.net/images/item/origin/4708ab4ce8b8440846cdce20fd4f5c7c.jpg,15800 JPY,in stock,new,Junshin -潤森-,Hardware > Building Materials > Lumber & Sheet Stock,一枚板テーブル天板
base-153508344,DIY 木材 無垢 クラフト材｜サクラ ヤマザクラ 山桜 チェリー 700mm×335mm×52mm,サクラ ヤマザクラ 山桜 チェリーの一枚板 700mm×335mm×52mm。新潟の山から自社で伐採・製材・乾燥した天然木を直販。ご希望サイズへの1カット無料・厚み調整無料。写真の現物1点をお届けします。,https://junshin.base.ec/items/153508344?utm_source=pinterest&utm_medium=catalog&utm_campaign=diy,https://base-ec2.akamaized.net/images/item/origin/5e21746a7d98949fc114e9c739400826.jpg,7910 JPY,in stock,new,Junshin -潤森-,Hardware > Building Materials > Lumber & Sheet Stock,DIY・クラフト材
base-153508359,一枚板 テーブル天板 無垢材｜サクラ ヤマザクラ 山桜 チェリー 896mm×200mm×49mm,サクラ ヤマザクラ 山桜 チェリーの一枚板 896mm×200mm×49mm。新潟の山から自社で伐採・製材・乾燥した天然木を直販。ご希望サイズへの1カット無料・厚み調整無料。写真の現物1点をお届けします。,https://junshin.base.ec/items/153508359?utm_source=pinterest&utm_medium=catalog&utm_campaign=table,https://base-ec2.akamaized.net/images/item/origin/3e7a852b517f1841e03a0031e04c625d.jpg,5740 JPY,in stock,new,Junshin -潤森-,Hardware > Building Materials > Lumber & Sheet Stock,一枚板テーブル天板
base-153508377,一枚板 テーブル天板 無垢材｜サクラ ヤマザクラ 山桜 チェリー 800mm×415mm×54mm,サクラ ヤマザクラ 山桜 チェリーの一枚板 800mm×415mm×54mm。新潟の山から自社で伐採・製材・乾燥した天然木を直販。ご希望サイズへの1カット無料・厚み調整無料。写真の現物1点をお届けします。,https://junshin.base.ec/items/153508377?utm_source=pinterest&utm_medium=catalog&utm_campaign=table,https://base-ec2.akamaized.net/images/item/origin/a05a65631e6be9fd675d04baf5b83c6b.jpg,11000 JPY,in stock,new,Junshin -潤森-,Hardware > Building Materials > Lumber & Sheet Stock,一枚板テーブル天板
base-153508400,棚板 カウンター材 無垢 一枚板｜キハダ 黄肌 1000mm×235~270mm×26mm,キハダ 黄肌の一枚板 1000mm×235~270mm×26mm。新潟の山から自社で伐採・製材・乾燥した天然木を直販。ご希望サイズへの1カット無料・厚み調整無料。写真の現物1点をお届けします。,https://junshin.base.ec/items/153508400?utm_source=pinterest&utm_medium=catalog&utm_campaign=shelf,https://base-ec2.akamaized.net/images/item/origin/048bf21e1d9e33843706e2f5b90b7f63.jpg,4070 JPY,in stock,new,Junshin -潤森-,Hardware > Building Materials > Lumber & Sheet Stock,棚板・カウンター材
base-153508449,一枚板 テーブル天板 無垢材｜サクラ ヤマザクラ 山桜 チェリー 1197mm×326mm×51mm,サクラ ヤマザクラ 山桜 チェリーの一枚板 1197mm×326mm×51mm。新潟の山から自社で伐採・製材・乾燥した天然木を直販。ご希望サイズへの1カット無料・厚み調整無料。写真の現物1点をお届けします。,https://junshin.base.ec/items/153508449?utm_source=pinterest&utm_medium=catalog&utm_campaign=table,https://base-ec2.akamaized.net/images/item/origin/be3fa44e2152c91e473b6fa360e7f42f.jpg,12300 JPY,in stock,new,Junshin -潤森-,Hardware > Building Materials > Lumber & Sheet Stock,一枚板テーブル天板
base-153508542,一枚板 テーブル天板 無垢材｜サクラ ヤマザクラ 山桜 チェリー 850mm×338mm×50mm,サクラ ヤマザクラ 山桜 チェリーの一枚板 850mm×338mm×50mm。新潟の山から自社で伐採・製材・乾燥した天然木を直販。ご希望サイズへの1カット無料・厚み調整無料。写真の現物1点をお届けします。,https://junshin.base.ec/items/153508542?utm_source=pinterest&utm_medium=catalog&utm_campaign=table,https://base-ec2.akamaized.net/images/item/origin/0aed594a45a868b673ff53e1898159a8.jpg,9250 JPY,in stock,new,Junshin -潤森-,Hardware > Building Materials > Lumber & Sheet Stock,一枚板テーブル天板
base-153508681,一枚板 テーブル天板 無垢材｜サクラ ヤマザクラ 山桜 チェリー 900mm×422mm×49mm,サクラ ヤマザクラ 山桜 チェリーの一枚板 900mm×422mm×49mm。新潟の山から自社で伐採・製材・乾燥した天然木を直販。ご希望サイズへの1カット無料・厚み調整無料。写真の現物1点をお届けします。,https://junshin.base.ec/items/153508681?utm_source=pinterest&utm_medium=catalog&utm_campaign=table,https://base-ec2.akamaized.net/images/item/origin/4f4f15ceec25fc4402622cea7238ed53.jpg,11000 JPY,in stock,new,Junshin -潤森-,Hardware > Building Materials > Lumber & Sheet Stock,一枚板テーブル天板
base-153508714,一枚板 テーブル天板 無垢材｜サクラ ヤマザクラ 山桜 チェリー 997mm×310mm×35mm,サクラ ヤマザクラ 山桜 チェリーの一枚板 997mm×310mm×35mm。新潟の山から自社で伐採・製材・乾燥した天然木を直販。ご希望サイズへの1カット無料・厚み調整無料。写真の現物1点をお届けします。,https://junshin.base.ec/items/153508714?utm_source=pinterest&utm_medium=catalog&utm_campaign=table,https://base-ec2.akamaized.net/images/item/origin/1d77985f73df9d0378f7a0f8f4768c79.jpg,6800 JPY,in stock,new,Junshin -潤森-,Hardware > Building Materials > Lumber & Sheet Stock,一枚板テーブル天板
base-153508830,一枚板 テーブル天板 無垢材｜サクラ ヤマザクラ 山桜 チェリー 800mm×337mm×50mm,サクラ ヤマザクラ 山桜 チェリーの一枚板 800mm×337mm×50mm。新潟の山から自社で伐採・製材・乾燥した天然木を直販。ご希望サイズへの1カット無料・厚み調整無料。写真の現物1点をお届けします。,https://junshin.base.ec/items/153508830?utm_source=pinterest&utm_medium=catalog&utm_campaign=table,https://base-ec2.akamaized.net/images/item/origin/3d7058da5fffdcf19b2612afd3c099ac.jpg,8600 JPY,in stock,new,Junshin -潤森-,Hardware > Building Materials > Lumber & Sheet Stock,一枚板テーブル天板
base-153508937,一枚板 テーブル天板 無垢材｜サクラ ヤマザクラ 山桜 チェリー 997mm×310mm×39mm,サクラ ヤマザクラ 山桜 チェリーの一枚板 997mm×310mm×39mm。新潟の山から自社で伐採・製材・乾燥した天然木を直販。ご希望サイズへの1カット無料・厚み調整無料。写真の現物1点をお届けします。,https://junshin.base.ec/items/153508937?utm_source=pinterest&utm_medium=catalog&utm_campaign=table,https://base-ec2.akamaized.net/images/item/origin/bf37c7cc6a91d3ec25ddf6efba911308.jpg,7490 JPY,in stock,new,Junshin -潤森-,Hardware > Building Materials > Lumber & Sheet Stock,一枚板テーブル天板
base-153509145,一枚板 テーブル天板 無垢材｜トチ 栃 1000mm×97mm×46mm,トチ 栃の一枚板 1000mm×97mm×46mm。新潟の山から自社で伐採・製材・乾燥した天然木を直販。ご希望サイズへの1カット無料・厚み調整無料。写真の現物1点をお届けします。,https://junshin.base.ec/items/153509145?utm_source=pinterest&utm_medium=catalog&utm_campaign=table,https://base-ec2.akamaized.net/images/item/origin/177be889411c6d913deec891764e9cbe.jpg,3580 JPY,in stock,new,Junshin -潤森-,Hardware > Building Materials > Lumber & Sheet Stock,一枚板テーブル天板
base-153509318,一枚板 テーブル天板 無垢材｜トチ 栃 1000mm×100mm×47mm,トチ 栃の一枚板 1000mm×100mm×47mm。新潟の山から自社で伐採・製材・乾燥した天然木を直販。ご希望サイズへの1カット無料・厚み調整無料。写真の現物1点をお届けします。,https://junshin.base.ec/items/153509318?utm_source=pinterest&utm_medium=catalog&utm_campaign=table,https://base-ec2.akamaized.net/images/item/origin/4ff7f067d6ae3e93f3a6159d18bc5235.jpg,3580 JPY,in stock,new,Junshin -潤森-,Hardware > Building Materials > Lumber & Sheet Stock,一枚板テーブル天板
base-153509479,DIY 木材 無垢 クラフト材｜ホオノキ ホオ 朴 798mm×256mm×31mm,ホオノキ ホオ 朴の一枚板 798mm×256mm×31mm。新潟の山から自社で伐採・製材・乾燥した天然木を直販。ご希望サイズへの1カット無料・厚み調整無料。写真の現物1点をお届けします。,https://junshin.base.ec/items/153509479?utm_source=pinterest&utm_medium=catalog&utm_campaign=diy,https://base-ec2.akamaized.net/images/item/origin/041e07e27b54481ac408c6a5cffbf9ea.jpg,4620 JPY,in stock,new,Junshin -潤森-,Hardware > Building Materials > Lumber & Sheet Stock,DIY・クラフト材
base-153509791,棚板 カウンター材 無垢 一枚板｜ホオノキ ホオ 朴 950mm×260mm×32mm,ホオノキ ホオ 朴の一枚板 950mm×260mm×32mm。新潟の山から自社で伐採・製材・乾燥した天然木を直販。ご希望サイズへの1カット無料・厚み調整無料。写真の現物1点をお届けします。,https://junshin.base.ec/items/153509791?utm_source=pinterest&utm_medium=catalog&utm_campaign=shelf,https://base-ec2.akamaized.net/images/item/origin/486a82527694ba8fa238fcf4b9be1533.jpg,5500 JPY,in stock,new,Junshin -潤森-,Hardware > Building Materials > Lumber & Sheet Stock,棚板・カウンター材
base-153510290,棚板 カウンター材 無垢 一枚板｜クルミ オニグルミ 鬼胡桃 ウォールナット 1097mm×235~280mm×20mm,クルミ オニグルミ 鬼胡桃 ウォールナットの一枚板 1097mm×235~280mm×20mm。新潟の山から自社で伐採・製材・乾燥した天然木を直販。ご希望サイズへの1カット無料・厚み調整無料。写真の現物1点をお届けします。,https://junshin.base.ec/items/153510290?utm_source=pinterest&utm_medium=catalog&utm_campaign=shelf,https://base-ec2.akamaized.net/images/item/origin/bb9527b10ac8690beafb6d0c8430cb30.jpg,4840 JPY,in stock,new,Junshin -潤森-,Hardware > Building Materials > Lumber & Sheet Stock,棚板・カウンター材
base-153510596,一枚板 テーブル天板 無垢材｜クルミ オニグルミ 鬼胡桃 ウォールナット 900mm×332mm×49mm,クルミ オニグルミ 鬼胡桃 ウォールナットの一枚板 900mm×332mm×49mm。新潟の山から自社で伐採・製材・乾燥した天然木を直販。ご希望サイズへの1カット無料・厚み調整無料。写真の現物1点をお届けします。,https://junshin.base.ec/items/153510596?utm_source=pinterest&utm_medium=catalog&utm_campaign=table,https://base-ec2.akamaized.net/images/item/origin/f85be18a62dc4e43262dff49c29a5b7d.jpg,8580 JPY,in stock,new,Junshin -潤森-,Hardware > Building Materials > Lumber & Sheet Stock,一枚板テーブル天板
base-153510791,一枚板 テーブル天板 無垢材｜ジンダイスギ 神代杉 945mm×120~200mm×48mm,ジンダイスギ 神代杉の一枚板 945mm×120~200mm×48mm。新潟の山から自社で伐採・製材・乾燥した天然木を直販。ご希望サイズへの1カット無料・厚み調整無料。写真の現物1点をお届けします。,https://junshin.base.ec/items/153510791?utm_source=pinterest&utm_medium=catalog&utm_campaign=table,https://base-ec2.akamaized.net/images/item/origin/0dcb06cdbaca2c66dc74dd88ccffe547.jpg,7000 JPY,in stock,new,Junshin -潤森-,Hardware > Building Materials > Lumber & Sheet Stock,一枚板テーブル天板
base-153898780,DIY 木材 無垢 クラフト材｜サクラ ヤマザクラ 山桜 チェリー 700mm×294mm×38mm,サクラ ヤマザクラ 山桜 チェリーの一枚板 700mm×294mm×38mm。新潟の山から自社で伐採・製材・乾燥した天然木を直販。ご希望サイズへの1カット無料・厚み調整無料。写真の現物1点をお届けします。,https://junshin.base.ec/items/153898780?utm_source=pinterest&utm_medium=catalog&utm_campaign=diy,https://base-ec2.akamaized.net/images/item/origin/3aea5dc79097aba719e3735a4d6293d1.jpg,4500 JPY,in stock,new,Junshin -潤森-,Hardware > Building Materials > Lumber & Sheet Stock,DIY・クラフト材
base-153898849,DIY 木材 無垢 クラフト材｜サクラ ヤマザクラ 山桜 チェリー 700mm×280~300mm×42mm,サクラ ヤマザクラ 山桜 チェリーの一枚板 700mm×280~300mm×42mm。新潟の山から自社で伐採・製材・乾燥した天然木を直販。ご希望サイズへの1カット無料・厚み調整無料。写真の現物1点をお届けします。,https://junshin.base.ec/items/153898849?utm_source=pinterest&utm_medium=catalog&utm_campaign=diy,https://base-ec2.akamaized.net/images/item/origin/c4191fff6aaae049a8eb6dc737394f2a.jpg,4900 JPY,in stock,new,Junshin -潤森-,Hardware > Building Materials > Lumber & Sheet Stock,DIY・クラフト材
base-153898868,まな板 木製 一枚板｜イタヤカエデ 板谷楓 メープル 600mm×300~320mm×24mm,イタヤカエデ 板谷楓 メープルの一枚板 600mm×300~320mm×24mm。新潟の山から自社で伐採・製材・乾燥した天然木を直販。ご希望サイズへの1カット無料・厚み調整無料。写真の現物1点をお届けします。,https://junshin.base.ec/items/153898868?utm_source=pinterest&utm_medium=catalog&utm_campaign=manaita,https://base-ec2.akamaized.net/images/item/origin/3eee6d00cf18975053a8e4650a96887c.jpg,4900 JPY,in stock,new,Junshin -潤森-,Hardware > Building Materials > Lumber & Sheet Stock,まな板材
base-153898883,まな板 木製 一枚板｜イタヤカエデ 板谷楓 メープル 598mm×295~315mm×30mm,イタヤカエデ 板谷楓 メープルの一枚板 598mm×295~315mm×30mm。新潟の山から自社で伐採・製材・乾燥した天然木を直販。ご希望サイズへの1カット無料・厚み調整無料。写真の現物1点をお届けします。,https://junshin.base.ec/items/153898883?utm_source=pinterest&utm_medium=catalog&utm_campaign=manaita,https://base-ec2.akamaized.net/images/item/origin/f741fdaf4644c9f99ab0035ec07e5d61.jpg,4100 JPY,in stock,new,Junshin -潤森-,Hardware > Building Materials > Lumber & Sheet Stock,まな板材
base-153898909,DIY 木材 無垢 クラフト材｜イタヤカエデ 板谷楓 メープル 650mm×205~300mm×30mm,イタヤカエデ 板谷楓 メープルの一枚板 650mm×205~300mm×30mm。新潟の山から自社で伐採・製材・乾燥した天然木を直販。ご希望サイズへの1カット無料・厚み調整無料。写真の現物1点をお届けします。,https://junshin.base.ec/items/153898909?utm_source=pinterest&utm_medium=catalog&utm_campaign=diy,https://base-ec2.akamaized.net/images/item/origin/ee81ea91f96e83a3bb05cf3bad058b1c.jpg,4800 JPY,in stock,new,Junshin -潤森-,Hardware > Building Materials > Lumber & Sheet Stock,DIY・クラフト材
base-153898959,DIY 木材 無垢 クラフト材｜ホオノキ ホオ 朴 695mm×175mm×33mm,ホオノキ ホオ 朴の一枚板 695mm×175mm×33mm。新潟の山から自社で伐採・製材・乾燥した天然木を直販。ご希望サイズへの1カット無料・厚み調整無料。写真の現物1点をお届けします。,https://junshin.base.ec/items/153898959?utm_source=pinterest&utm_medium=catalog&utm_campaign=diy,https://base-ec2.akamaized.net/images/item/origin/dbfdad55fbd8af78201d154b7612e923.jpg,2900 JPY,in stock,new,Junshin -潤森-,Hardware > Building Materials > Lumber & Sheet Stock,DIY・クラフト材
base-153899056,DIY 木材 無垢 クラフト材｜ホオノキ ホオ 朴 700mm×228~230mm×27mm,ホオノキ ホオ 朴の一枚板 700mm×228~230mm×27mm。新潟の山から自社で伐採・製材・乾燥した天然木を直販。ご希望サイズへの1カット無料・厚み調整無料。写真の現物1点をお届けします。,https://junshin.base.ec/items/153899056?utm_source=pinterest&utm_medium=catalog&utm_campaign=diy,https://base-ec2.akamaized.net/images/item/origin/d0e661b91dbcffc0df12f2d9ef8f6524.jpg,3100 JPY,in stock,new,Junshin -潤森-,Hardware > Building Materials > Lumber & Sheet Stock,DIY・クラフト材
base-153899127,まな板 木製 一枚板｜ホオノキ ホオ 朴 597mm×305~339mm×34mm,ホオノキ ホオ 朴の一枚板 597mm×305~339mm×34mm。新潟の山から自社で伐採・製材・乾燥した天然木を直販。ご希望サイズへの1カット無料・厚み調整無料。写真の現物1点をお届けします。,https://junshin.base.ec/items/153899127?utm_source=pinterest&utm_medium=catalog&utm_campaign=manaita,https://base-ec2.akamaized.net/images/item/origin/666731c5b455c387d9c08fc2bb73a2b9.jpg,3300 JPY,in stock,new,Junshin -潤森-,Hardware > Building Materials > Lumber & Sheet Stock,まな板材
base-153899207,まな板 木製 一枚板｜トチ 栃 600mm×240~255mm×32mm,トチ 栃の一枚板 600mm×240~255mm×32mm。新潟の山から自社で伐採・製材・乾燥した天然木を直販。ご希望サイズへの1カット無料・厚み調整無料。写真の現物1点をお届けします。,https://junshin.base.ec/items/153899207?utm_source=pinterest&utm_medium=catalog&utm_campaign=manaita,https://base-ec2.akamaized.net/images/item/origin/d55ddf752293f304f0cc9411d41d3d40.jpg,3300 JPY,in stock,new,Junshin -潤森-,Hardware > Building Materials > Lumber & Sheet Stock,まな板材
base-153899351,DIY 木材 無垢 クラフト材｜エンジュ 槐 700mm×195~225mm×29mm,エンジュ 槐の一枚板 700mm×195~225mm×29mm。新潟の山から自社で伐採・製材・乾燥した天然木を直販。ご希望サイズへの1カット無料・厚み調整無料。写真の現物1点をお届けします。,https://junshin.base.ec/items/153899351?utm_source=pinterest&utm_medium=catalog&utm_campaign=diy,https://base-ec2.akamaized.net/images/item/origin/01f034740872feeb022680e8d60afdde.jpg,4400 JPY,in stock,new,Junshin -潤森-,Hardware > Building Materials > Lumber & Sheet Stock,DIY・クラフト材
base-154618680,一枚板 テーブル天板 無垢材｜サクラ ヤマザクラ 山桜 チェリー 1300mm×473~478mm×38mm,サクラ ヤマザクラ 山桜 チェリーの一枚板 1300mm×473~478mm×38mm。新潟の山から自社で伐採・製材・乾燥した天然木を直販。ご希望サイズへの1カット無料・厚み調整無料。写真の現物1点をお届けします。,https://junshin.base.ec/items/154618680?utm_source=pinterest&utm_medium=catalog&utm_campaign=table,https://base-ec2.akamaized.net/images/item/origin/1f191f9138b3d127463ce0e77b92f5f1.jpg,17400 JPY,in stock,new,Junshin -潤森-,Hardware > Building Materials > Lumber & Sheet Stock,一枚板テーブル天板
base-154618710,一枚板 テーブル天板 無垢材｜サクラ ヤマザクラ 山桜 チェリー 1000mm×358~407mm×47mm,サクラ ヤマザクラ 山桜 チェリーの一枚板 1000mm×358~407mm×47mm。新潟の山から自社で伐採・製材・乾燥した天然木を直販。ご希望サイズへの1カット無料・厚み調整無料。写真の現物1点をお届けします。,https://junshin.base.ec/items/154618710?utm_source=pinterest&utm_medium=catalog&utm_campaign=table,https://base-ec2.akamaized.net/images/item/origin/822f3e1add3d0bab17a4b41f0136db64.jpg,13300 JPY,in stock,new,Junshin -潤森-,Hardware > Building Materials > Lumber & Sheet Stock,一枚板テーブル天板
base-154618743,まな板 木製 一枚板｜サクラ ヤマザクラ 山桜 チェリー 596mm×274mm×39mm,サクラ ヤマザクラ 山桜 チェリーの一枚板 596mm×274mm×39mm。新潟の山から自社で伐採・製材・乾燥した天然木を直販。ご希望サイズへの1カット無料・厚み調整無料。写真の現物1点をお届けします。,https://junshin.base.ec/items/154618743?utm_source=pinterest&utm_medium=catalog&utm_campaign=manaita,https://base-ec2.akamaized.net/images/item/origin/b2da051889a57fbde094363212c3d707.jpg,5100 JPY,in stock,new,Junshin -潤森-,Hardware > Building Materials > Lumber & Sheet Stock,まな板材
base-154618767,まな板 木製 一枚板｜サクラ ヤマザクラ 山桜 チェリー 600mm×271mm×38mm,サクラ ヤマザクラ 山桜 チェリーの一枚板 600mm×271mm×38mm。新潟の山から自社で伐採・製材・乾燥した天然木を直販。ご希望サイズへの1カット無料・厚み調整無料。写真の現物1点をお届けします。,https://junshin.base.ec/items/154618767?utm_source=pinterest&utm_medium=catalog&utm_campaign=manaita,https://base-ec2.akamaized.net/images/item/origin/7a39ba614d20a0a8908392b448f87024.jpg,5000 JPY,in stock,new,Junshin -潤森-,Hardware > Building Materials > Lumber & Sheet Stock,まな板材
base-154618793,一枚板 テーブル天板 無垢材｜クルミ オニグルミ 鬼胡桃 ウォールナット 998mm×375~400mm×53mm,クルミ オニグルミ 鬼胡桃 ウォールナットの一枚板 998mm×375~400mm×53mm。新潟の山から自社で伐採・製材・乾燥した天然木を直販。ご希望サイズへの1カット無料・厚み調整無料。写真の現物1点をお届けします。,https://junshin.base.ec/items/154618793?utm_source=pinterest&utm_medium=catalog&utm_campaign=table,https://base-ec2.akamaized.net/images/item/origin/bd7752f16dc692480c25f32e982b2256.jpg,13600 JPY,in stock,new,Junshin -潤森-,Hardware > Building Materials > Lumber & Sheet Stock,一枚板テーブル天板
base-154618822,DIY 木材 無垢 クラフト材｜サクラ ヤマザクラ 山桜 チェリー 650mm×280mm×47mm,サクラ ヤマザクラ 山桜 チェリーの一枚板 650mm×280mm×47mm。新潟の山から自社で伐採・製材・乾燥した天然木を直販。ご希望サイズへの1カット無料・厚み調整無料。写真の現物1点をお届けします。,https://junshin.base.ec/items/154618822?utm_source=pinterest&utm_medium=catalog&utm_campaign=diy,https://base-ec2.akamaized.net/images/item/origin/55ea281e685b1d4071bd6ed9375a35d8.jpg,6600 JPY,in stock,new,Junshin -潤森-,Hardware > Building Materials > Lumber & Sheet Stock,DIY・クラフト材
base-154618856,一枚板 テーブル天板 無垢材｜イチョウ 銀杏 1200mm×470mm×42mm,イチョウ 銀杏の一枚板 1200mm×470mm×42mm。新潟の山から自社で伐採・製材・乾燥した天然木を直販。ご希望サイズへの1カット無料・厚み調整無料。写真の現物1点をお届けします。,https://junshin.base.ec/items/154618856?utm_source=pinterest&utm_medium=catalog&utm_campaign=table,https://base-ec2.akamaized.net/images/item/origin/9668af01288f69f4735f05bcf088f5f3.jpg,16100 JPY,in stock,new,Junshin -潤森-,Hardware > Building Materials > Lumber & Sheet Stock,一枚板テーブル天板
base-154618882,DIY 木材 無垢 クラフト材｜サクラ ヤマザクラ 山桜 チェリー 700mm×272mm×40mm,サクラ ヤマザクラ 山桜 チェリーの一枚板 700mm×272mm×40mm。新潟の山から自社で伐採・製材・乾燥した天然木を直販。ご希望サイズへの1カット無料・厚み調整無料。写真の現物1点をお届けします。,https://junshin.base.ec/items/154618882?utm_source=pinterest&utm_medium=catalog&utm_campaign=diy,https://base-ec2.akamaized.net/images/item/origin/6b33868d5e05aa9b6aba2b8f7e7c6528.jpg,6000 JPY,in stock,new,Junshin -潤森-,Hardware > Building Materials > Lumber & Sheet Stock,DIY・クラフト材
base-154618911,まな板 木製 一枚板｜イチョウ 銀杏 500mm×470mm×46mm,イチョウ 銀杏の一枚板 500mm×470mm×46mm。新潟の山から自社で伐採・製材・乾燥した天然木を直販。ご希望サイズへの1カット無料・厚み調整無料。写真の現物1点をお届けします。,https://junshin.base.ec/items/154618911?utm_source=pinterest&utm_medium=catalog&utm_campaign=manaita,https://base-ec2.akamaized.net/images/item/origin/2c4ebac8f129a71021a6c1d98401a6c3.jpg,7700 JPY,in stock,new,Junshin -潤森-,Hardware > Building Materials > Lumber & Sheet Stock,まな板材
base-154618936,棚板 カウンター材 無垢 一枚板｜サクラ ヤマザクラ 山桜 チェリー 1000mm×270mm×39mm,サクラ ヤマザクラ 山桜 チェリーの一枚板 1000mm×270mm×39mm。新潟の山から自社で伐採・製材・乾燥した天然木を直販。ご希望サイズへの1カット無料・厚み調整無料。写真の現物1点をお届けします。,https://junshin.base.ec/items/154618936?utm_source=pinterest&utm_medium=catalog&utm_campaign=shelf,https://base-ec2.akamaized.net/images/item/origin/b07f2b628f04a4ff04f8064c4f48c7ba.jpg,7700 JPY,in stock,new,Junshin -潤森-,Hardware > Building Materials > Lumber & Sheet Stock,棚板・カウンター材
base-154618960,まな板 木製 一枚板｜サクラ ヤマザクラ 山桜 チェリー 600mm×370~405mm×52mm,サクラ ヤマザクラ 山桜 チェリーの一枚板 600mm×370~405mm×52mm。新潟の山から自社で伐採・製材・乾燥した天然木を直販。ご希望サイズへの1カット無料・厚み調整無料。写真の現物1点をお届けします。,https://junshin.base.ec/items/154618960?utm_source=pinterest&utm_medium=catalog&utm_campaign=manaita,https://base-ec2.akamaized.net/images/item/origin/de1eee146d917d4ddd3e85b92ad5cefd.jpg,9200 JPY,in stock,new,Junshin -潤森-,Hardware > Building Materials > Lumber & Sheet Stock,まな板材
base-154618983,一枚板 テーブル天板 無垢材｜イチョウ 銀杏 1100mm×450~470mm×44mm,イチョウ 銀杏の一枚板 1100mm×450~470mm×44mm。新潟の山から自社で伐採・製材・乾燥した天然木を直販。ご希望サイズへの1カット無料・厚み調整無料。写真の現物1点をお届けします。,https://junshin.base.ec/items/154618983?utm_source=pinterest&utm_medium=catalog&utm_campaign=table,https://base-ec2.akamaized.net/images/item/origin/f347ac0129ba189afd6d8ce6b2a0396e.jpg,15600 JPY,in stock,new,Junshin -潤森-,Hardware > Building Materials > Lumber & Sheet Stock,一枚板テーブル天板
base-154629532,一枚板 テーブル天板 無垢材｜サクラ ヤマザクラ 山桜 チェリー 1200mm×336mm×43mm,サクラ ヤマザクラ 山桜 チェリーの一枚板 1200mm×336mm×43mm。新潟の山から自社で伐採・製材・乾燥した天然木を直販。ご希望サイズへの1カット無料・厚み調整無料。写真の現物1点をお届けします。,https://junshin.base.ec/items/154629532?utm_source=pinterest&utm_medium=catalog&utm_campaign=table,https://base-ec2.akamaized.net/images/item/origin/ca6ad3761396b4e9b8ff8eac9885d4ac.jpg,12200 JPY,in stock,new,Junshin -潤森-,Hardware > Building Materials > Lumber & Sheet Stock,一枚板テーブル天板
base-154629538,一枚板 テーブル天板 無垢材｜イチョウ 銀杏 1700mm×375~450mm×41mm,イチョウ 銀杏の一枚板 1700mm×375~450mm×41mm。新潟の山から自社で伐採・製材・乾燥した天然木を直販。ご希望サイズへの1カット無料・厚み調整無料。写真の現物1点をお届けします。,https://junshin.base.ec/items/154629538?utm_source=pinterest&utm_medium=catalog&utm_campaign=table,https://base-ec2.akamaized.net/images/item/origin/f5372b933369eedadaae3d87afc64fa6.jpg,25400 JPY,in stock,new,Junshin -潤森-,Hardware > Building Materials > Lumber & Sheet Stock,一枚板テーブル天板
base-154629545,まな板 木製 一枚板｜クルミ オニグルミ 鬼胡桃 ウォールナット 590mm×255mm×31mm,クルミ オニグルミ 鬼胡桃 ウォールナットの一枚板 590mm×255mm×31mm。新潟の山から自社で伐採・製材・乾燥した天然木を直販。ご希望サイズへの1カット無料・厚み調整無料。写真の現物1点をお届けします。,https://junshin.base.ec/items/154629545?utm_source=pinterest&utm_medium=catalog&utm_campaign=manaita,https://base-ec2.akamaized.net/images/item/origin/7f63c307a7a7f112a416fc1e04b0408d.jpg,4400 JPY,in stock,new,Junshin -潤森-,Hardware > Building Materials > Lumber & Sheet Stock,まな板材
base-154629560,一枚板 テーブル天板 無垢材｜イチョウ 銀杏 1150mm×470mm×46mm,イチョウ 銀杏の一枚板 1150mm×470mm×46mm。新潟の山から自社で伐採・製材・乾燥した天然木を直販。ご希望サイズへの1カット無料・厚み調整無料。写真の現物1点をお届けします。,https://junshin.base.ec/items/154629560?utm_source=pinterest&utm_medium=catalog&utm_campaign=table,https://base-ec2.akamaized.net/images/item/origin/47f553a218f62e5400a28b7cf4062ff5.jpg,16700 JPY,in stock,new,Junshin -潤森-,Hardware > Building Materials > Lumber & Sheet Stock,一枚板テーブル天板
base-154629565,まな板 木製 一枚板｜サクラ ヤマザクラ 山桜 チェリー 600mm×275mm×38mm,サクラ ヤマザクラ 山桜 チェリーの一枚板 600mm×275mm×38mm。新潟の山から自社で伐採・製材・乾燥した天然木を直販。ご希望サイズへの1カット無料・厚み調整無料。写真の現物1点をお届けします。,https://junshin.base.ec/items/154629565?utm_source=pinterest&utm_medium=catalog&utm_campaign=manaita,https://base-ec2.akamaized.net/images/item/origin/75c1b8985bfa1881858532871569b2dc.jpg,5300 JPY,in stock,new,Junshin -潤森-,Hardware > Building Materials > Lumber & Sheet Stock,まな板材
base-154629588,まな板 木製 一枚板｜サクラ ヤマザクラ 山桜 チェリー 500mm×270mm×40mm,サクラ ヤマザクラ 山桜 チェリーの一枚板 500mm×270mm×40mm。新潟の山から自社で伐採・製材・乾燥した天然木を直販。ご希望サイズへの1カット無料・厚み調整無料。写真の現物1点をお届けします。,https://junshin.base.ec/items/154629588?utm_source=pinterest&utm_medium=catalog&utm_campaign=manaita,https://base-ec2.akamaized.net/images/item/origin/87649989fa22f87c6b187d2c270df874.jpg,4600 JPY,in stock,new,Junshin -潤森-,Hardware > Building Materials > Lumber & Sheet Stock,まな板材
base-154629593,一枚板 テーブル天板 無垢材｜クルミ オニグルミ 鬼胡桃 ウォールナット 1000mm×215mm×52mm,クルミ オニグルミ 鬼胡桃 ウォールナットの一枚板 1000mm×215mm×52mm。新潟の山から自社で伐採・製材・乾燥した天然木を直販。ご希望サイズへの1カット無料・厚み調整無料。写真の現物1点をお届けします。,https://junshin.base.ec/items/154629593?utm_source=pinterest&utm_medium=catalog&utm_campaign=table,https://base-ec2.akamaized.net/images/item/origin/13ed9b1464df6753196b8aff5c583b27.jpg,8500 JPY,in stock,new,Junshin -潤森-,Hardware > Building Materials > Lumber & Sheet Stock,一枚板テーブル天板
base-154629601,まな板 木製 一枚板｜クルミ オニグルミ 鬼胡桃 ウォールナット 600mm×260~310mm×51mm,クルミ オニグルミ 鬼胡桃 ウォールナットの一枚板 600mm×260~310mm×51mm。新潟の山から自社で伐採・製材・乾燥した天然木を直販。ご希望サイズへの1カット無料・厚み調整無料。写真の現物1点をお届けします。,https://junshin.base.ec/items/154629601?utm_source=pinterest&utm_medium=catalog&utm_campaign=manaita,https://base-ec2.akamaized.net/images/item/origin/94e198469cd8c5fb35ec4034104ab1f7.jpg,7200 JPY,in stock,new,Junshin -潤森-,Hardware > Building Materials > Lumber & Sheet Stock,まな板材
base-154629615,DIY 木材 無垢 クラフト材｜クルミ オニグルミ 鬼胡桃 ウォールナット 698mm×225mm×52mm,クルミ オニグルミ 鬼胡桃 ウォールナットの一枚板 698mm×225mm×52mm。新潟の山から自社で伐採・製材・乾燥した天然木を直販。ご希望サイズへの1カット無料・厚み調整無料。写真の現物1点をお届けします。,https://junshin.base.ec/items/154629615?utm_source=pinterest&utm_medium=catalog&utm_campaign=diy,https://base-ec2.akamaized.net/images/item/origin/27ad6f3ba35807c382ae22824f2ef673.jpg,6400 JPY,in stock,new,Junshin -潤森-,Hardware > Building Materials > Lumber & Sheet Stock,DIY・クラフト材
base-154629619,一枚板 テーブル天板 無垢材｜クルミ オニグルミ 鬼胡桃 ウォールナット 800mm×350~395mm×55mm,クルミ オニグルミ 鬼胡桃 ウォールナットの一枚板 800mm×350~395mm×55mm。新潟の山から自社で伐採・製材・乾燥した天然木を直販。ご希望サイズへの1カット無料・厚み調整無料。写真の現物1点をお届けします。,https://junshin.base.ec/items/154629619?utm_source=pinterest&utm_medium=catalog&utm_campaign=table,https://base-ec2.akamaized.net/images/item/origin/36b6c320246bb4e7e2c22febcbe28fb2.jpg,11400 JPY,in stock,new,Junshin -潤森-,Hardware > Building Materials > Lumber & Sheet Stock,一枚板テーブル天板
base-154629629,一枚板 テーブル天板 無垢材｜クルミ オニグルミ 鬼胡桃 ウォールナット 900mm×191mm×52mm,クルミ オニグルミ 鬼胡桃 ウォールナットの一枚板 900mm×191mm×52mm。新潟の山から自社で伐採・製材・乾燥した天然木を直販。ご希望サイズへの1カット無料・厚み調整無料。写真の現物1点をお届けします。,https://junshin.base.ec/items/154629629?utm_source=pinterest&utm_medium=catalog&utm_campaign=table,https://base-ec2.akamaized.net/images/item/origin/8515300acfcac199c83468244cafc1ce.jpg,7100 JPY,in stock,new,Junshin -潤森-,Hardware > Building Materials > Lumber & Sheet Stock,一枚板テーブル天板
base-154629649,一枚板 テーブル天板 無垢材｜クルミ オニグルミ 鬼胡桃 ウォールナット 800mm×216mm×51mm,クルミ オニグルミ 鬼胡桃 ウォールナットの一枚板 800mm×216mm×51mm。新潟の山から自社で伐採・製材・乾燥した天然木を直販。ご希望サイズへの1カット無料・厚み調整無料。写真の現物1点をお届けします。,https://junshin.base.ec/items/154629649?utm_source=pinterest&utm_medium=catalog&utm_campaign=table,https://base-ec2.akamaized.net/images/item/origin/2a23d8423dd021196556b86f43cc56ab.jpg,7000 JPY,in stock,new,Junshin -潤森-,Hardware > Building Materials > Lumber & Sheet Stock,一枚板テーブル天板
base-154629656,一枚板 テーブル天板 無垢材｜クルミ オニグルミ 鬼胡桃 ウォールナット 1000mm×393mm×41mm,クルミ オニグルミ 鬼胡桃 ウォールナットの一枚板 1000mm×393mm×41mm。新潟の山から自社で伐採・製材・乾燥した天然木を直販。ご希望サイズへの1カット無料・厚み調整無料。写真の現物1点をお届けします。,https://junshin.base.ec/items/154629656?utm_source=pinterest&utm_medium=catalog&utm_campaign=table,https://base-ec2.akamaized.net/images/item/origin/89e94ccf1f92036742a4ff3f59289180.jpg,11500 JPY,in stock,new,Junshin -潤森-,Hardware > Building Materials > Lumber & Sheet Stock,一枚板テーブル天板
base-154629663,DIY 木材 無垢 クラフト材｜サクラ ヤマザクラ 山桜 チェリー 650mm×335mm×49mm,サクラ ヤマザクラ 山桜 チェリーの一枚板 650mm×335mm×49mm。新潟の山から自社で伐採・製材・乾燥した天然木を直販。ご希望サイズへの1カット無料・厚み調整無料。写真の現物1点をお届けします。,https://junshin.base.ec/items/154629663?utm_source=pinterest&utm_medium=catalog&utm_campaign=diy,https://base-ec2.akamaized.net/images/item/origin/ac8213d5b75886bb511abf6755667349.jpg,8100 JPY,in stock,new,Junshin -潤森-,Hardware > Building Materials > Lumber & Sheet Stock,DIY・クラフト材
base-154629674,一枚板 テーブル天板 無垢材｜イチョウ 銀杏 880mm×445~468mm×39mm,イチョウ 銀杏の一枚板 880mm×445~468mm×39mm。新潟の山から自社で伐採・製材・乾燥した天然木を直販。ご希望サイズへの1カット無料・厚み調整無料。写真の現物1点をお届けします。,https://junshin.base.ec/items/154629674?utm_source=pinterest&utm_medium=catalog&utm_campaign=table,https://base-ec2.akamaized.net/images/item/origin/b10e582afd8ff7b0fd2201b13ba4450d.jpg,10700 JPY,in stock,new,Junshin -潤森-,Hardware > Building Materials > Lumber & Sheet Stock,一枚板テーブル天板
base-154629679,DIY 木材 無垢 クラフト材｜イチョウ 銀杏 700mm×470mm×43mm,イチョウ 銀杏の一枚板 700mm×470mm×43mm。新潟の山から自社で伐採・製材・乾燥した天然木を直販。ご希望サイズへの1カット無料・厚み調整無料。写真の現物1点をお届けします。,https://junshin.base.ec/items/154629679?utm_source=pinterest&utm_medium=catalog&utm_campaign=diy,https://base-ec2.akamaized.net/images/item/origin/f2d1f1084ff52f6539d696b30578c8d8.jpg,9600 JPY,in stock,new,Junshin -潤森-,Hardware > Building Materials > Lumber & Sheet Stock,DIY・クラフト材
base-154629687,DIY 木材 無垢 クラフト材｜クルミ オニグルミ 鬼胡桃 ウォールナット 770mm×380~390mm×46mm,クルミ オニグルミ 鬼胡桃 ウォールナットの一枚板 770mm×380~390mm×46mm。新潟の山から自社で伐採・製材・乾燥した天然木を直販。ご希望サイズへの1カット無料・厚み調整無料。写真の現物1点をお届けします。,https://junshin.base.ec/items/154629687?utm_source=pinterest&utm_medium=catalog&utm_campaign=diy,https://base-ec2.akamaized.net/images/item/origin/3475fd2fe165297e81094928318f3dfb.jpg,10000 JPY,in stock,new,Junshin -潤森-,Hardware > Building Materials > Lumber & Sheet Stock,DIY・クラフト材
base-154629706,一枚板 テーブル天板 無垢材｜サクラ ヤマザクラ 山桜 チェリー 995mm×290~335mm×51mm,サクラ ヤマザクラ 山桜 チェリーの一枚板 995mm×290~335mm×51mm。新潟の山から自社で伐採・製材・乾燥した天然木を直販。ご希望サイズへの1カット無料・厚み調整無料。写真の現物1点をお届けします。,https://junshin.base.ec/items/154629706?utm_source=pinterest&utm_medium=catalog&utm_campaign=table,https://base-ec2.akamaized.net/images/item/origin/16610a454b3a2e78d81b52021ec4a73a.jpg,11800 JPY,in stock,new,Junshin -潤森-,Hardware > Building Materials > Lumber & Sheet Stock,一枚板テーブル天板
base-154629726,一枚板 テーブル天板 無垢材｜クルミ オニグルミ 鬼胡桃 ウォールナット 998mm×398mm×44mm,クルミ オニグルミ 鬼胡桃 ウォールナットの一枚板 998mm×398mm×44mm。新潟の山から自社で伐採・製材・乾燥した天然木を直販。ご希望サイズへの1カット無料・厚み調整無料。写真の現物1点をお届けします。,https://junshin.base.ec/items/154629726?utm_source=pinterest&utm_medium=catalog&utm_campaign=table,https://base-ec2.akamaized.net/images/item/origin/5cb2a5cadb754d97db365f28e9ac0fc5.jpg,12300 JPY,in stock,new,Junshin -潤森-,Hardware > Building Materials > Lumber & Sheet Stock,一枚板テーブル天板
base-154629747,一枚板 テーブル天板 無垢材｜イチョウ 銀杏 1000mm×400~470mm×43mm,イチョウ 銀杏の一枚板 1000mm×400~470mm×43mm。新潟の山から自社で伐採・製材・乾燥した天然木を直販。ご希望サイズへの1カット無料・厚み調整無料。写真の現物1点をお届けします。,https://junshin.base.ec/items/154629747?utm_source=pinterest&utm_medium=catalog&utm_campaign=table,https://base-ec2.akamaized.net/images/item/origin/e90e6e1846550dc1c2038f62e856ec1d.jpg,13100 JPY,in stock,new,Junshin -潤森-,Hardware > Building Materials > Lumber & Sheet Stock,一枚板テーブル天板
base-154864011,一枚板 テーブル天板 無垢材｜サクラ ヤマザクラ 山桜 チェリー 1500mm×455~470mm×46mm,サクラ ヤマザクラ 山桜 チェリーの一枚板 1500mm×455~470mm×46mm。新潟の山から自社で伐採・製材・乾燥した天然木を直販。ご希望サイズへの1カット無料・厚み調整無料。写真の現物1点をお届けします。,https://junshin.base.ec/items/154864011?utm_source=pinterest&utm_medium=catalog&utm_campaign=table,https://base-ec2.akamaized.net/images/item/origin/41577947ab7be0aca8b42bfffe32a1bf.jpg,25000 JPY,in stock,new,Junshin -潤森-,Hardware > Building Materials > Lumber & Sheet Stock,一枚板テーブル天板
base-154864194,一枚板 テーブル天板 無垢材｜キハダ 黄肌 1650mm×290~320mm×32mm,キハダ 黄肌の一枚板 1650mm×290~320mm×32mm。新潟の山から自社で伐採・製材・乾燥した天然木を直販。ご希望サイズへの1カット無料・厚み調整無料。写真の現物1点をお届けします。,https://junshin.base.ec/items/154864194?utm_source=pinterest&utm_medium=catalog&utm_campaign=table,https://base-ec2.akamaized.net/images/item/origin/f35384a017de55f6dcd65f0ee03259de.jpg,16000 JPY,in stock,new,Junshin -潤森-,Hardware > Building Materials > Lumber & Sheet Stock,一枚板テーブル天板
base-154864247,一枚板 テーブル天板 無垢材｜イタヤカエデ 板谷楓 メープル 1750mm×260~330mm×19mm,イタヤカエデ 板谷楓 メープルの一枚板 1750mm×260~330mm×19mm。新潟の山から自社で伐採・製材・乾燥した天然木を直販。ご希望サイズへの1カット無料・厚み調整無料。写真の現物1点をお届けします。,https://junshin.base.ec/items/154864247?utm_source=pinterest&utm_medium=catalog&utm_campaign=table,https://base-ec2.akamaized.net/images/item/origin/21bb6f3448977b97540e84a7f9046a76.jpg,17000 JPY,in stock,new,Junshin -潤森-,Hardware > Building Materials > Lumber & Sheet Stock,一枚板テーブル天板
base-154864395,一枚板 テーブル天板 無垢材｜サクラ ヤマザクラ 山桜 チェリー 1830mm×~265mm×41mm,サクラ ヤマザクラ 山桜 チェリーの一枚板 1830mm×~265mm×41mm。新潟の山から自社で伐採・製材・乾燥した天然木を直販。ご希望サイズへの1カット無料・厚み調整無料。写真の現物1点をお届けします。,https://junshin.base.ec/items/154864395?utm_source=pinterest&utm_medium=catalog&utm_campaign=table,https://base-ec2.akamaized.net/images/item/origin/fdd3f6e7ffa8ba589bb32b0ce6cb2c2a.jpg,16600 JPY,in stock,new,Junshin -潤森-,Hardware > Building Materials > Lumber & Sheet Stock,一枚板テーブル天板
base-154864456,一枚板 テーブル天板 無垢材｜サクラ ヤマザクラ 山桜 チェリー 1500mm×450~485mm×48mm,サクラ ヤマザクラ 山桜 チェリーの一枚板 1500mm×450~485mm×48mm。新潟の山から自社で伐採・製材・乾燥した天然木を直販。ご希望サイズへの1カット無料・厚み調整無料。写真の現物1点をお届けします。,https://junshin.base.ec/items/154864456?utm_source=pinterest&utm_medium=catalog&utm_campaign=table,https://base-ec2.akamaized.net/images/item/origin/454efa20336c10a78f786a8b42f803bb.jpg,26950 JPY,in stock,new,Junshin -潤森-,Hardware > Building Materials > Lumber & Sheet Stock,一枚板テーブル天板
base-154864622,一枚板 テーブル天板 無垢材｜イタヤカエデ 板谷楓 メープル 1720mm×245~330mm×23mm,イタヤカエデ 板谷楓 メープルの一枚板 1720mm×245~330mm×23mm。新潟の山から自社で伐採・製材・乾燥した天然木を直販。ご希望サイズへの1カット無料・厚み調整無料。写真の現物1点をお届けします。,https://junshin.base.ec/items/154864622?utm_source=pinterest&utm_medium=catalog&utm_campaign=table,https://base-ec2.akamaized.net/images/item/origin/f86c53c3543623c8c14b32cc83ed07ae.jpg,18000 JPY,in stock,new,Junshin -潤森-,Hardware > Building Materials > Lumber & Sheet Stock,一枚板テーブル天板
base-154866173,一枚板 テーブル天板 無垢材｜イタヤカエデ 板谷楓 メープル 1650mm×295~340mm×23mm,イタヤカエデ 板谷楓 メープルの一枚板 1650mm×295~340mm×23mm。新潟の山から自社で伐採・製材・乾燥した天然木を直販。ご希望サイズへの1カット無料・厚み調整無料。写真の現物1点をお届けします。,https://junshin.base.ec/items/154866173?utm_source=pinterest&utm_medium=catalog&utm_campaign=table,https://base-ec2.akamaized.net/images/item/origin/cbca2b2b7348ec46e9bda8d642104aae.jpg,19200 JPY,in stock,new,Junshin -潤森-,Hardware > Building Materials > Lumber & Sheet Stock,一枚板テーブル天板
base-154866227,一枚板 テーブル天板 無垢材｜イタヤカエデ 板谷楓 メープル 1495mm×350~625mm×23mm,イタヤカエデ 板谷楓 メープルの一枚板 1495mm×350~625mm×23mm。新潟の山から自社で伐採・製材・乾燥した天然木を直販。ご希望サイズへの1カット無料・厚み調整無料。写真の現物1点をお届けします。,https://junshin.base.ec/items/154866227?utm_source=pinterest&utm_medium=catalog&utm_campaign=table,https://base-ec2.akamaized.net/images/item/origin/e94ee73329fc2861aac20625b18bdcbb.jpg,23300 JPY,in stock,new,Junshin -潤森-,Hardware > Building Materials > Lumber & Sheet Stock,一枚板テーブル天板
base-154866276,一枚板 テーブル天板 無垢材｜イタヤカエデ 板谷楓 メープル 1900mm×400~500mm×29mm,イタヤカエデ 板谷楓 メープルの一枚板 1900mm×400~500mm×29mm。新潟の山から自社で伐採・製材・乾燥した天然木を直販。ご希望サイズへの1カット無料・厚み調整無料。写真の現物1点をお届けします。,https://junshin.base.ec/items/154866276?utm_source=pinterest&utm_medium=catalog&utm_campaign=table,https://base-ec2.akamaized.net/images/item/origin/e24851f82a5ce9dc8f9a428bbb378bcf.jpg,41500 JPY,in stock,new,Junshin -潤森-,Hardware > Building Materials > Lumber & Sheet Stock,一枚板テーブル天板
base-154866338,一枚板 テーブル天板 無垢材｜イタヤカエデ 板谷楓 メープル 1950mm×370~495mm×32mm,イタヤカエデ 板谷楓 メープルの一枚板 1950mm×370~495mm×32mm。新潟の山から自社で伐採・製材・乾燥した天然木を直販。ご希望サイズへの1カット無料・厚み調整無料。写真の現物1点をお届けします。,https://junshin.base.ec/items/154866338?utm_source=pinterest&utm_medium=catalog&utm_campaign=table,https://base-ec2.akamaized.net/images/item/origin/c9e0d93f59534dbed8799b61d552eda7.jpg,45000 JPY,in stock,new,Junshin -潤森-,Hardware > Building Materials > Lumber & Sheet Stock,一枚板テーブル天板
base-154866389,一枚板 テーブル天板 無垢材｜イタヤカエデ 板谷楓 メープル 1650mm×290~360mm×21mm,イタヤカエデ 板谷楓 メープルの一枚板 1650mm×290~360mm×21mm。新潟の山から自社で伐採・製材・乾燥した天然木を直販。ご希望サイズへの1カット無料・厚み調整無料。写真の現物1点をお届けします。,https://junshin.base.ec/items/154866389?utm_source=pinterest&utm_medium=catalog&utm_campaign=table,https://base-ec2.akamaized.net/images/item/origin/0d827ac3d649d56ddaefe1484c21f4fa.jpg,14400 JPY,in stock,new,Junshin -潤森-,Hardware > Building Materials > Lumber & Sheet Stock,一枚板テーブル天板
base-154866527,一枚板 テーブル天板 無垢材｜イタヤカエデ 板谷楓 メープル 1748mm×275~360mm×21mm,イタヤカエデ 板谷楓 メープルの一枚板 1748mm×275~360mm×21mm。新潟の山から自社で伐採・製材・乾燥した天然木を直販。ご希望サイズへの1カット無料・厚み調整無料。写真の現物1点をお届けします。,https://junshin.base.ec/items/154866527?utm_source=pinterest&utm_medium=catalog&utm_campaign=table,https://base-ec2.akamaized.net/images/item/origin/e7f0d1871a947a3aa552b705feed571a.jpg,14800 JPY,in stock,new,Junshin -潤森-,Hardware > Building Materials > Lumber & Sheet Stock,一枚板テーブル天板
base-154866683,一枚板 テーブル天板 無垢材｜クリ 栗 チェスナット 1720mm×150~325mm×32mm,クリ 栗 チェスナットの一枚板 1720mm×150~325mm×32mm。新潟の山から自社で伐採・製材・乾燥した天然木を直販。ご希望サイズへの1カット無料・厚み調整無料。写真の現物1点をお届けします。,https://junshin.base.ec/items/154866683?utm_source=pinterest&utm_medium=catalog&utm_campaign=table,https://base-ec2.akamaized.net/images/item/origin/0096f47e467798288c93fae16f2cd55f.jpg,12500 JPY,in stock,new,Junshin -潤森-,Hardware > Building Materials > Lumber & Sheet Stock,一枚板テーブル天板
base-154866758,一枚板 テーブル天板 無垢材｜クルミ オニグルミ 鬼胡桃 ウォールナット 1930mm×0~305mm×39mm,クルミ オニグルミ 鬼胡桃 ウォールナットの一枚板 1930mm×0~305mm×39mm。新潟の山から自社で伐採・製材・乾燥した天然木を直販。ご希望サイズへの1カット無料・厚み調整無料。写真の現物1点をお届けします。,https://junshin.base.ec/items/154866758?utm_source=pinterest&utm_medium=catalog&utm_campaign=table,https://base-ec2.akamaized.net/images/item/origin/b50f6073ebcd3d23e9563075c677893c.jpg,21000 JPY,in stock,new,Junshin -潤森-,Hardware > Building Materials > Lumber & Sheet Stock,一枚板テーブル天板
base-154866901,一枚板 テーブル天板 無垢材｜クルミ オニグルミ 鬼胡桃 ウォールナット 1697mm×295~300mm×43mm,クルミ オニグルミ 鬼胡桃 ウォールナットの一枚板 1697mm×295~300mm×43mm。新潟の山から自社で伐採・製材・乾燥した天然木を直販。ご希望サイズへの1カット無料・厚み調整無料。写真の現物1点をお届けします。,https://junshin.base.ec/items/154866901?utm_source=pinterest&utm_medium=catalog&utm_campaign=table,https://base-ec2.akamaized.net/images/item/origin/5e93c86d6053331ea15656f546f312b9.jpg,21400 JPY,in stock,new,Junshin -潤森-,Hardware > Building Materials > Lumber & Sheet Stock,一枚板テーブル天板
base-154867041,一枚板 テーブル天板 無垢材｜ケヤキ 欅 1800mm×360~390mm×28mm,ケヤキ 欅の一枚板 1800mm×360~390mm×28mm。新潟の山から自社で伐採・製材・乾燥した天然木を直販。ご希望サイズへの1カット無料・厚み調整無料。写真の現物1点をお届けします。,https://junshin.base.ec/items/154867041?utm_source=pinterest&utm_medium=catalog&utm_campaign=table,https://base-ec2.akamaized.net/images/item/origin/832b7a77e8ee915de26d4927e661edc5.jpg,19700 JPY,in stock,new,Junshin -潤森-,Hardware > Building Materials > Lumber & Sheet Stock,一枚板テーブル天板
base-154867160,一枚板 テーブル天板 無垢材｜ケヤキ 欅 1700mm×380~383mm×31mm,ケヤキ 欅の一枚板 1700mm×380~383mm×31mm。新潟の山から自社で伐採・製材・乾燥した天然木を直販。ご希望サイズへの1カット無料・厚み調整無料。写真の現物1点をお届けします。,https://junshin.base.ec/items/154867160?utm_source=pinterest&utm_medium=catalog&utm_campaign=table,https://base-ec2.akamaized.net/images/item/origin/43790522b8931fe0514b5d46b567328e.jpg,18370 JPY,in stock,new,Junshin -潤森-,Hardware > Building Materials > Lumber & Sheet Stock,一枚板テーブル天板
base-154867386,一枚板 テーブル天板 無垢材｜サクラ ヤマザクラ 山桜 チェリー 1700mm×340~345mm×50mm,サクラ ヤマザクラ 山桜 チェリーの一枚板 1700mm×340~345mm×50mm。新潟の山から自社で伐採・製材・乾燥した天然木を直販。ご希望サイズへの1カット無料・厚み調整無料。写真の現物1点をお届けします。,https://junshin.base.ec/items/154867386?utm_source=pinterest&utm_medium=catalog&utm_campaign=table,https://base-ec2.akamaized.net/images/item/origin/e14dba3ea1561fdfdcd067de21a3ce61.jpg,24400 JPY,in stock,new,Junshin -潤森-,Hardware > Building Materials > Lumber & Sheet Stock,一枚板テーブル天板
base-154867452,一枚板 テーブル天板 無垢材｜サクラ ヤマザクラ 山桜 チェリー 1600mm×405~415mm×48mm,サクラ ヤマザクラ 山桜 チェリーの一枚板 1600mm×405~415mm×48mm。新潟の山から自社で伐採・製材・乾燥した天然木を直販。ご希望サイズへの1カット無料・厚み調整無料。写真の現物1点をお届けします。,https://junshin.base.ec/items/154867452?utm_source=pinterest&utm_medium=catalog&utm_campaign=table,https://base-ec2.akamaized.net/images/item/origin/a77f3aa68bdac7faf98ca2a34f02a552.jpg,29500 JPY,in stock,new,Junshin -潤森-,Hardware > Building Materials > Lumber & Sheet Stock,一枚板テーブル天板
base-154867492,一枚板 テーブル天板 無垢材｜サクラ ヤマザクラ 山桜 チェリー 1700mm×295~300mm×32mm,サクラ ヤマザクラ 山桜 チェリーの一枚板 1700mm×295~300mm×32mm。新潟の山から自社で伐採・製材・乾燥した天然木を直販。ご希望サイズへの1カット無料・厚み調整無料。写真の現物1点をお届けします。,https://junshin.base.ec/items/154867492?utm_source=pinterest&utm_medium=catalog&utm_campaign=table,https://base-ec2.akamaized.net/images/item/origin/9425b19bbf7568b61f6c57d0d374691c.jpg,15850 JPY,in stock,new,Junshin -潤森-,Hardware > Building Materials > Lumber & Sheet Stock,一枚板テーブル天板
base-154867563,一枚板 テーブル天板 無垢材｜サクラ ヤマザクラ 山桜 チェリー 1600mm×320~370mm×37mm,サクラ ヤマザクラ 山桜 チェリーの一枚板 1600mm×320~370mm×37mm。新潟の山から自社で伐採・製材・乾燥した天然木を直販。ご希望サイズへの1カット無料・厚み調整無料。写真の現物1点をお届けします。,https://junshin.base.ec/items/154867563?utm_source=pinterest&utm_medium=catalog&utm_campaign=table,https://base-ec2.akamaized.net/images/item/origin/245a3b6760c4e87548dfeb664941e1f1.jpg,17400 JPY,in stock,new,Junshin -潤森-,Hardware > Building Materials > Lumber & Sheet Stock,一枚板テーブル天板
base-154867612,一枚板 テーブル天板 無垢材｜サクラ ヤマザクラ 山桜 チェリー 1500mm×470mm×45mm,サクラ ヤマザクラ 山桜 チェリーの一枚板 1500mm×470mm×45mm。新潟の山から自社で伐採・製材・乾燥した天然木を直販。ご希望サイズへの1カット無料・厚み調整無料。写真の現物1点をお届けします。,https://junshin.base.ec/items/154867612?utm_source=pinterest&utm_medium=catalog&utm_campaign=table,https://base-ec2.akamaized.net/images/item/origin/4a9cb491920a0a3ae13e8d403c3cec0a.jpg,23430 JPY,in stock,new,Junshin -潤森-,Hardware > Building Materials > Lumber & Sheet Stock,一枚板テーブル天板
base-154867787,一枚板 テーブル天板 無垢材｜トチ 栃 2000mm×435~485mm×35mm,トチ 栃の一枚板 2000mm×435~485mm×35mm。新潟の山から自社で伐採・製材・乾燥した天然木を直販。ご希望サイズへの1カット無料・厚み調整無料。写真の現物1点をお届けします。,https://junshin.base.ec/items/154867787?utm_source=pinterest&utm_medium=catalog&utm_campaign=table,https://base-ec2.akamaized.net/images/item/origin/ae7907d0daed3df27510fdeb31bf615f.jpg,23700 JPY,in stock,new,Junshin -潤森-,Hardware > Building Materials > Lumber & Sheet Stock,一枚板テーブル天板
base-155819770,一枚板 テーブル天板 無垢材｜クワ 1550mm×0~450mm×33mm,クワの一枚板 1550mm×0~450mm×33mm。新潟の山から自社で伐採・製材・乾燥した天然木を直販。ご希望サイズへの1カット無料・厚み調整無料。写真の現物1点をお届けします。,https://junshin.base.ec/items/155819770?utm_source=pinterest&utm_medium=catalog&utm_campaign=table,https://base-ec2.akamaized.net/images/item/origin/cf5122ccced10dbc12520696852a136a.jpg,21010 JPY,in stock,new,Junshin -潤森-,Hardware > Building Materials > Lumber & Sheet Stock,一枚板テーブル天板
base-155819803,まな板 木製 一枚板｜クワ 425mm×205~280mm×23mm,クワの一枚板 425mm×205~280mm×23mm。新潟の山から自社で伐採・製材・乾燥した天然木を直販。ご希望サイズへの1カット無料・厚み調整無料。写真の現物1点をお届けします。,https://junshin.base.ec/items/155819803?utm_source=pinterest&utm_medium=catalog&utm_campaign=manaita,https://base-ec2.akamaized.net/images/item/origin/580a176c3ec4401de37ad10ef8a0451d.jpg,3800 JPY,in stock,new,Junshin -潤森-,Hardware > Building Materials > Lumber & Sheet Stock,まな板材
base-155819832,一枚板 テーブル天板 無垢材｜イチョウ 1070mm×360~425mm×35mm,イチョウの一枚板 1070mm×360~425mm×35mm。新潟の山から自社で伐採・製材・乾燥した天然木を直販。ご希望サイズへの1カット無料・厚み調整無料。写真の現物1点をお届けします。,https://junshin.base.ec/items/155819832?utm_source=pinterest&utm_medium=catalog&utm_campaign=table,https://base-ec2.akamaized.net/images/item/origin/391f20f47a5bc14e7d0a9d7cd07da907.jpg,6000 JPY,in stock,new,Junshin -潤森-,Hardware > Building Materials > Lumber & Sheet Stock,一枚板テーブル天板
base-155819858,一枚板 テーブル天板 無垢材｜タモ 1435mm×0~410mm×20mm,タモの一枚板 1435mm×0~410mm×20mm。新潟の山から自社で伐採・製材・乾燥した天然木を直販。ご希望サイズへの1カット無料・厚み調整無料。写真の現物1点をお届けします。,https://junshin.base.ec/items/155819858?utm_source=pinterest&utm_medium=catalog&utm_campaign=table,https://base-ec2.akamaized.net/images/item/origin/6423fbfb000ab267cc5d790efdc82c83.jpg,11200 JPY,in stock,new,Junshin -潤森-,Hardware > Building Materials > Lumber & Sheet Stock,一枚板テーブル天板
base-155819893,棚板 カウンター材 無垢 一枚板｜ハリエンジュ 950mm×190~225mm×33mm,ハリエンジュの一枚板 950mm×190~225mm×33mm。新潟の山から自社で伐採・製材・乾燥した天然木を直販。ご希望サイズへの1カット無料・厚み調整無料。写真の現物1点をお届けします。,https://junshin.base.ec/items/155819893?utm_source=pinterest&utm_medium=catalog&utm_campaign=shelf,https://base-ec2.akamaized.net/images/item/origin/276abdaffc03f1316c4b71be2c611612.jpg,5000 JPY,in stock,new,Junshin -潤森-,Hardware > Building Materials > Lumber & Sheet Stock,棚板・カウンター材
base-155819968,DIY 木材 無垢 クラフト材｜クワ 650mm×0~385mm×46mm,クワの一枚板 650mm×0~385mm×46mm。新潟の山から自社で伐採・製材・乾燥した天然木を直販。ご希望サイズへの1カット無料・厚み調整無料。写真の現物1点をお届けします。,https://junshin.base.ec/items/155819968?utm_source=pinterest&utm_medium=catalog&utm_campaign=diy,https://base-ec2.akamaized.net/images/item/origin/e618efd47f8b10485b5e47bd474e68db.jpg,7500 JPY,in stock,new,Junshin -潤森-,Hardware > Building Materials > Lumber & Sheet Stock,DIY・クラフト材
base-155820024,一枚板 テーブル天板 無垢材｜ハリエンジュ 1000mm×200~240mm×57mm,ハリエンジュの一枚板 1000mm×200~240mm×57mm。新潟の山から自社で伐採・製材・乾燥した天然木を直販。ご希望サイズへの1カット無料・厚み調整無料。写真の現物1点をお届けします。,https://junshin.base.ec/items/155820024?utm_source=pinterest&utm_medium=catalog&utm_campaign=table,https://base-ec2.akamaized.net/images/item/origin/27b68210fff15862fe526a4ab0419522.jpg,6800 JPY,in stock,new,Junshin -潤森-,Hardware > Building Materials > Lumber & Sheet Stock,一枚板テーブル天板
base-155820070,一枚板 テーブル天板 無垢材｜ハリエンジュ 1000mm×315~440mm×24mm,ハリエンジュの一枚板 1000mm×315~440mm×24mm。新潟の山から自社で伐採・製材・乾燥した天然木を直販。ご希望サイズへの1カット無料・厚み調整無料。写真の現物1点をお届けします。,https://junshin.base.ec/items/155820070?utm_source=pinterest&utm_medium=catalog&utm_campaign=table,https://base-ec2.akamaized.net/images/item/origin/5179a5f1f7a70348568467ea28561865.jpg,12600 JPY,in stock,new,Junshin -潤森-,Hardware > Building Materials > Lumber & Sheet Stock,一枚板テーブル天板
base-155820162,棚板 カウンター材 無垢 一枚板｜ハリエンジュ 1490mm×90~225mm×30mm,ハリエンジュの一枚板 1490mm×90~225mm×30mm。新潟の山から自社で伐採・製材・乾燥した天然木を直販。ご希望サイズへの1カット無料・厚み調整無料。写真の現物1点をお届けします。,https://junshin.base.ec/items/155820162?utm_source=pinterest&utm_medium=catalog&utm_campaign=shelf,https://base-ec2.akamaized.net/images/item/origin/8e4bfa9a018149b53127f7bcc46d13e5.jpg,13100 JPY,in stock,new,Junshin -潤森-,Hardware > Building Materials > Lumber & Sheet Stock,棚板・カウンター材
base-155820191,一枚板 テーブル天板 無垢材｜ハリエンジュ 1300mm×250~340mm×35mm,ハリエンジュの一枚板 1300mm×250~340mm×35mm。新潟の山から自社で伐採・製材・乾燥した天然木を直販。ご希望サイズへの1カット無料・厚み調整無料。写真の現物1点をお届けします。,https://junshin.base.ec/items/155820191?utm_source=pinterest&utm_medium=catalog&utm_campaign=table,https://base-ec2.akamaized.net/images/item/origin/f6d78c9f9f9a86827e92f69c05d2c538.jpg,18500 JPY,in stock,new,Junshin -潤森-,Hardware > Building Materials > Lumber & Sheet Stock,一枚板テーブル天板
base-155820244,一枚板 テーブル天板 無垢材｜ハリエンジュ 1000mm×155~290mm×56mm,ハリエンジュの一枚板 1000mm×155~290mm×56mm。新潟の山から自社で伐採・製材・乾燥した天然木を直販。ご希望サイズへの1カット無料・厚み調整無料。写真の現物1点をお届けします。,https://junshin.base.ec/items/155820244?utm_source=pinterest&utm_medium=catalog&utm_campaign=table,https://base-ec2.akamaized.net/images/item/origin/58cd24b404d6b5dfd914fa16527bcb62.jpg,9200 JPY,in stock,new,Junshin -潤森-,Hardware > Building Materials > Lumber & Sheet Stock,一枚板テーブル天板
base-155820293,一枚板 テーブル天板 無垢材｜ハリエンジュ 1330mm×320~430mm×35mm,ハリエンジュの一枚板 1330mm×320~430mm×35mm。新潟の山から自社で伐採・製材・乾燥した天然木を直販。ご希望サイズへの1カット無料・厚み調整無料。写真の現物1点をお届けします。,https://junshin.base.ec/items/155820293?utm_source=pinterest&utm_medium=catalog&utm_campaign=table,https://base-ec2.akamaized.net/images/item/origin/acd4d7d98fdb8f14ecf67b94fb7cc1b7.jpg,23100 JPY,in stock,new,Junshin -潤森-,Hardware > Building Materials > Lumber & Sheet Stock,一枚板テーブル天板
base-155820352,一枚板 テーブル天板 無垢材｜ハリエンジュ 995mm×320~445mm×25mm,ハリエンジュの一枚板 995mm×320~445mm×25mm。新潟の山から自社で伐採・製材・乾燥した天然木を直販。ご希望サイズへの1カット無料・厚み調整無料。写真の現物1点をお届けします。,https://junshin.base.ec/items/155820352?utm_source=pinterest&utm_medium=catalog&utm_campaign=table,https://base-ec2.akamaized.net/images/item/origin/ae2e44627ea308e5cf8b77c89937582d.jpg,13100 JPY,in stock,new,Junshin -潤森-,Hardware > Building Materials > Lumber & Sheet Stock,一枚板テーブル天板
base-155820378,一枚板 テーブル天板 無垢材｜クワ 1700mm×0~410mm×29mm,クワの一枚板 1700mm×0~410mm×29mm。新潟の山から自社で伐採・製材・乾燥した天然木を直販。ご希望サイズへの1カット無料・厚み調整無料。写真の現物1点をお届けします。,https://junshin.base.ec/items/155820378?utm_source=pinterest&utm_medium=catalog&utm_campaign=table,https://base-ec2.akamaized.net/images/item/origin/4777d45dfcdef53357bf7dc1c2454da5.jpg,17200 JPY,in stock,new,Junshin -潤森-,Hardware > Building Materials > Lumber & Sheet Stock,一枚板テーブル天板
base-155820406,一枚板 テーブル天板 無垢材｜イチョウ 1060mm×280~310mm×31mm,イチョウの一枚板 1060mm×280~310mm×31mm。新潟の山から自社で伐採・製材・乾燥した天然木を直販。ご希望サイズへの1カット無料・厚み調整無料。写真の現物1点をお届けします。,https://junshin.base.ec/items/155820406?utm_source=pinterest&utm_medium=catalog&utm_campaign=table,https://base-ec2.akamaized.net/images/item/origin/6a127b8fe3bb3ba49fa1ba83d9b5f1f1.jpg,4600 JPY,in stock,new,Junshin -潤森-,Hardware > Building Materials > Lumber & Sheet Stock,一枚板テーブル天板
base-155820431,一枚板 テーブル天板 無垢材｜ハリエンジュ 1395mm×195~400mm×31mm,ハリエンジュの一枚板 1395mm×195~400mm×31mm。新潟の山から自社で伐採・製材・乾燥した天然木を直販。ご希望サイズへの1カット無料・厚み調整無料。写真の現物1点をお届けします。,https://junshin.base.ec/items/155820431?utm_source=pinterest&utm_medium=catalog&utm_campaign=table,https://base-ec2.akamaized.net/images/item/origin/7ad08d5f5ca7a33a9358684684f205cd.jpg,20700 JPY,in stock,new,Junshin -潤森-,Hardware > Building Materials > Lumber & Sheet Stock,一枚板テーブル天板
base-155820465,まな板 木製 一枚板｜ハリエンジュ 540mm×120~190mm×35mm,ハリエンジュの一枚板 540mm×120~190mm×35mm。新潟の山から自社で伐採・製材・乾燥した天然木を直販。ご希望サイズへの1カット無料・厚み調整無料。写真の現物1点をお届けします。,https://junshin.base.ec/items/155820465?utm_source=pinterest&utm_medium=catalog&utm_campaign=manaita,https://base-ec2.akamaized.net/images/item/origin/8c7b64b41fcedacb9649d23d60d82e8e.jpg,4900 JPY,in stock,new,Junshin -潤森-,Hardware > Building Materials > Lumber & Sheet Stock,まな板材
base-155820506,一枚板 テーブル天板 無垢材｜クワ 995mm×0~390mm×53mm,クワの一枚板 995mm×0~390mm×53mm。新潟の山から自社で伐採・製材・乾燥した天然木を直販。ご希望サイズへの1カット無料・厚み調整無料。写真の現物1点をお届けします。,https://junshin.base.ec/items/155820506?utm_source=pinterest&utm_medium=catalog&utm_campaign=table,https://base-ec2.akamaized.net/images/item/origin/7459cc5ee8a6c6e0ec54e1cbdd74e00b.jpg,12300 JPY,in stock,new,Junshin -潤森-,Hardware > Building Materials > Lumber & Sheet Stock,一枚板テーブル天板
base-155820530,一枚板 テーブル天板 無垢材｜クワ 1600mm×0~410mm×30mm,クワの一枚板 1600mm×0~410mm×30mm。新潟の山から自社で伐採・製材・乾燥した天然木を直販。ご希望サイズへの1カット無料・厚み調整無料。写真の現物1点をお届けします。,https://junshin.base.ec/items/155820530?utm_source=pinterest&utm_medium=catalog&utm_campaign=table,https://base-ec2.akamaized.net/images/item/origin/93ee77120c6845e65c5a5fc76bbfc286.jpg,16900 JPY,in stock,new,Junshin -潤森-,Hardware > Building Materials > Lumber & Sheet Stock,一枚板テーブル天板
base-155820553,一枚板 テーブル天板 無垢材｜ハリエンジュ 1300mm×380~440mm×33mm,ハリエンジュの一枚板 1300mm×380~440mm×33mm。新潟の山から自社で伐採・製材・乾燥した天然木を直販。ご希望サイズへの1カット無料・厚み調整無料。写真の現物1点をお届けします。,https://junshin.base.ec/items/155820553?utm_source=pinterest&utm_medium=catalog&utm_campaign=table,https://base-ec2.akamaized.net/images/item/origin/a08f0b01a0af753ca1126d08ae568ab7.jpg,21900 JPY,in stock,new,Junshin -潤森-,Hardware > Building Materials > Lumber & Sheet Stock,一枚板テーブル天板
base-155820576,棚板 カウンター材 無垢 一枚板｜ハリエンジュ 1450mm×180~270mm×36mm,ハリエンジュの一枚板 1450mm×180~270mm×36mm。新潟の山から自社で伐採・製材・乾燥した天然木を直販。ご希望サイズへの1カット無料・厚み調整無料。写真の現物1点をお届けします。,https://junshin.base.ec/items/155820576?utm_source=pinterest&utm_medium=catalog&utm_campaign=shelf,https://base-ec2.akamaized.net/images/item/origin/99313cc9d688dd5d59cfa510b9e6058e.jpg,17100 JPY,in stock,new,Junshin -潤森-,Hardware > Building Materials > Lumber & Sheet Stock,棚板・カウンター材
base-156205368,まな板 木製 一枚板｜クルミ オニグルミ 鬼胡桃 ウォールナット 598mm×215~222mm×35mm,クルミ オニグルミ 鬼胡桃 ウォールナットの一枚板 598mm×215~222mm×35mm。新潟の山から自社で伐採・製材・乾燥した天然木を直販。ご希望サイズへの1カット無料・厚み調整無料。写真の現物1点をお届けします。,https://junshin.base.ec/items/156205368?utm_source=pinterest&utm_medium=catalog&utm_campaign=manaita,https://base-ec2.akamaized.net/images/item/origin/e72b39c0102f8d1256164f5c2742e75e.jpg,3400 JPY,in stock,new,Junshin -潤森-,Hardware > Building Materials > Lumber & Sheet Stock,まな板材
base-156205449,DIY 木材 無垢 クラフト材｜クルミ オニグルミ 鬼胡桃 ウォールナット 700mm×190~200mm×31mm,クルミ オニグルミ 鬼胡桃 ウォールナットの一枚板 700mm×190~200mm×31mm。新潟の山から自社で伐採・製材・乾燥した天然木を直販。ご希望サイズへの1カット無料・厚み調整無料。写真の現物1点をお届けします。,https://junshin.base.ec/items/156205449?utm_source=pinterest&utm_medium=catalog&utm_campaign=diy,https://base-ec2.akamaized.net/images/item/origin/2b921e8a9b3d41cf194fee36077390fe.jpg,3400 JPY,in stock,new,Junshin -潤森-,Hardware > Building Materials > Lumber & Sheet Stock,DIY・クラフト材
base-156205543,まな板 木製 一枚板｜クルミ オニグルミ 鬼胡桃 ウォールナット 600mm×215~223mm×31mm,クルミ オニグルミ 鬼胡桃 ウォールナットの一枚板 600mm×215~223mm×31mm。新潟の山から自社で伐採・製材・乾燥した天然木を直販。ご希望サイズへの1カット無料・厚み調整無料。写真の現物1点をお届けします。,https://junshin.base.ec/items/156205543?utm_source=pinterest&utm_medium=catalog&utm_campaign=manaita,https://base-ec2.akamaized.net/images/item/origin/640e4add55a7b65c5f42360e4d4dd191.jpg,3200 JPY,in stock,new,Junshin -潤森-,Hardware > Building Materials > Lumber & Sheet Stock,まな板材
base-156205630,DIY 木材 無垢 クラフト材｜クルミ オニグルミ 鬼胡桃 ウォールナット 650mm×204~220mm×36mm,クルミ オニグルミ 鬼胡桃 ウォールナットの一枚板 650mm×204~220mm×36mm。新潟の山から自社で伐採・製材・乾燥した天然木を直販。ご希望サイズへの1カット無料・厚み調整無料。写真の現物1点をお届けします。,https://junshin.base.ec/items/156205630?utm_source=pinterest&utm_medium=catalog&utm_campaign=diy,https://base-ec2.akamaized.net/images/item/origin/0df8bdb99c99e89b7b02427fa83fd582.jpg,3600 JPY,in stock,new,Junshin -潤森-,Hardware > Building Materials > Lumber & Sheet Stock,DIY・クラフト材
base-156205678,DIY 木材 無垢 クラフト材｜クルミ オニグルミ 鬼胡桃 ウォールナット 630mm×200~223mm×31mm,クルミ オニグルミ 鬼胡桃 ウォールナットの一枚板 630mm×200~223mm×31mm。新潟の山から自社で伐採・製材・乾燥した天然木を直販。ご希望サイズへの1カット無料・厚み調整無料。写真の現物1点をお届けします。,https://junshin.base.ec/items/156205678?utm_source=pinterest&utm_medium=catalog&utm_campaign=diy,https://base-ec2.akamaized.net/images/item/origin/f8ac6000b39d29493b7f05a25439d5ea.jpg,3300 JPY,in stock,new,Junshin -潤森-,Hardware > Building Materials > Lumber & Sheet Stock,DIY・クラフト材
base-156205716,まな板 木製 一枚板｜クルミ オニグルミ 鬼胡桃 ウォールナット 600mm×221mm×32mm,クルミ オニグルミ 鬼胡桃 ウォールナットの一枚板 600mm×221mm×32mm。新潟の山から自社で伐採・製材・乾燥した天然木を直販。ご希望サイズへの1カット無料・厚み調整無料。写真の現物1点をお届けします。,https://junshin.base.ec/items/156205716?utm_source=pinterest&utm_medium=catalog&utm_campaign=manaita,https://base-ec2.akamaized.net/images/item/origin/ffbbf736a131a37c9c4e242947d77ab4.jpg,3300 JPY,in stock,new,Junshin -潤森-,Hardware > Building Materials > Lumber & Sheet Stock,まな板材
base-156205773,棚板 カウンター材 無垢 一枚板｜クルミ オニグルミ 鬼胡桃 ウォールナット 800mm×212~224mm×30mm,クルミ オニグルミ 鬼胡桃 ウォールナットの一枚板 800mm×212~224mm×30mm。新潟の山から自社で伐採・製材・乾燥した天然木を直販。ご希望サイズへの1カット無料・厚み調整無料。写真の現物1点をお届けします。,https://junshin.base.ec/items/156205773?utm_source=pinterest&utm_medium=catalog&utm_campaign=shelf,https://base-ec2.akamaized.net/images/item/origin/f50ddc6014225bf59f7dedc6158b109b.jpg,4000 JPY,in stock,new,Junshin -潤森-,Hardware > Building Materials > Lumber & Sheet Stock,棚板・カウンター材
base-156205807,棚板 カウンター材 無垢 一枚板｜クルミ オニグルミ 鬼胡桃 ウォールナット 800mm×217mm×31mm,クルミ オニグルミ 鬼胡桃 ウォールナットの一枚板 800mm×217mm×31mm。新潟の山から自社で伐採・製材・乾燥した天然木を直販。ご希望サイズへの1カット無料・厚み調整無料。写真の現物1点をお届けします。,https://junshin.base.ec/items/156205807?utm_source=pinterest&utm_medium=catalog&utm_campaign=shelf,https://base-ec2.akamaized.net/images/item/origin/37b6c378ca30a64482ab1704c6c1d24e.jpg,4000 JPY,in stock,new,Junshin -潤森-,Hardware > Building Materials > Lumber & Sheet Stock,棚板・カウンター材
base-156205848,まな板 木製 一枚板｜クルミ オニグルミ 鬼胡桃 ウォールナット 600mm×219mm×30mm,クルミ オニグルミ 鬼胡桃 ウォールナットの一枚板 600mm×219mm×30mm。新潟の山から自社で伐採・製材・乾燥した天然木を直販。ご希望サイズへの1カット無料・厚み調整無料。写真の現物1点をお届けします。,https://junshin.base.ec/items/156205848?utm_source=pinterest&utm_medium=catalog&utm_campaign=manaita,https://base-ec2.akamaized.net/images/item/origin/e3a19ae73d1d35f85e7287a624929f1f.jpg,3300 JPY,in stock,new,Junshin -潤森-,Hardware > Building Materials > Lumber & Sheet Stock,まな板材
base-156205888,DIY 木材 無垢 クラフト材｜クルミ オニグルミ 鬼胡桃 ウォールナット 700mm×195mm×31mm,クルミ オニグルミ 鬼胡桃 ウォールナットの一枚板 700mm×195mm×31mm。新潟の山から自社で伐採・製材・乾燥した天然木を直販。ご希望サイズへの1カット無料・厚み調整無料。写真の現物1点をお届けします。,https://junshin.base.ec/items/156205888?utm_source=pinterest&utm_medium=catalog&utm_campaign=diy,https://base-ec2.akamaized.net/images/item/origin/3a52de452135bcf18eea4423aec1432c.jpg,3500 JPY,in stock,new,Junshin -潤森-,Hardware > Building Materials > Lumber & Sheet Stock,DIY・クラフト材
base-156205935,棚板 カウンター材 無垢 一枚板｜クルミ オニグルミ 鬼胡桃 ウォールナット 830mm×0~222mm×33mm,クルミ オニグルミ 鬼胡桃 ウォールナットの一枚板 830mm×0~222mm×33mm。新潟の山から自社で伐採・製材・乾燥した天然木を直販。ご希望サイズへの1カット無料・厚み調整無料。写真の現物1点をお届けします。,https://junshin.base.ec/items/156205935?utm_source=pinterest&utm_medium=catalog&utm_campaign=shelf,https://base-ec2.akamaized.net/images/item/origin/4338b20ffb30be7db09656ac15aca9fb.jpg,4500 JPY,in stock,new,Junshin -潤森-,Hardware > Building Materials > Lumber & Sheet Stock,棚板・カウンター材
base-156206048,棚板 カウンター材 無垢 一枚板｜クルミ オニグルミ 鬼胡桃 ウォールナット 800mm×220~225mm×30mm,クルミ オニグルミ 鬼胡桃 ウォールナットの一枚板 800mm×220~225mm×30mm。新潟の山から自社で伐採・製材・乾燥した天然木を直販。ご希望サイズへの1カット無料・厚み調整無料。写真の現物1点をお届けします。,https://junshin.base.ec/items/156206048?utm_source=pinterest&utm_medium=catalog&utm_campaign=shelf,https://base-ec2.akamaized.net/images/item/origin/412df4813242ec37b57f44e239719347.jpg,4000 JPY,in stock,new,Junshin -潤森-,Hardware > Building Materials > Lumber & Sheet Stock,棚板・カウンター材
base-156206075,まな板 木製 一枚板｜クルミ オニグルミ 鬼胡桃 ウォールナット 600mm×175~200mm×35mm,クルミ オニグルミ 鬼胡桃 ウォールナットの一枚板 600mm×175~200mm×35mm。新潟の山から自社で伐採・製材・乾燥した天然木を直販。ご希望サイズへの1カット無料・厚み調整無料。写真の現物1点をお届けします。,https://junshin.base.ec/items/156206075?utm_source=pinterest&utm_medium=catalog&utm_campaign=manaita,https://base-ec2.akamaized.net/images/item/origin/63441aa40ee1045b7af68aa6b20431bd.jpg,3400 JPY,in stock,new,Junshin -潤森-,Hardware > Building Materials > Lumber & Sheet Stock,まな板材
base-156206111,まな板 木製 一枚板｜クルミ オニグルミ 鬼胡桃 ウォールナット 600mm×190~197mm×33mm,クルミ オニグルミ 鬼胡桃 ウォールナットの一枚板 600mm×190~197mm×33mm。新潟の山から自社で伐採・製材・乾燥した天然木を直販。ご希望サイズへの1カット無料・厚み調整無料。写真の現物1点をお届けします。,https://junshin.base.ec/items/156206111?utm_source=pinterest&utm_medium=catalog&utm_campaign=manaita,https://base-ec2.akamaized.net/images/item/origin/f9f1b04d06f8de0cfb373c0d8632773d.jpg,3100 JPY,in stock,new,Junshin -潤森-,Hardware > Building Materials > Lumber & Sheet Stock,まな板材
base-156206150,DIY 木材 無垢 クラフト材｜クルミ オニグルミ 鬼胡桃 ウォールナット 650mm×195~200mm×33mm,クルミ オニグルミ 鬼胡桃 ウォールナットの一枚板 650mm×195~200mm×33mm。新潟の山から自社で伐採・製材・乾燥した天然木を直販。ご希望サイズへの1カット無料・厚み調整無料。写真の現物1点をお届けします。,https://junshin.base.ec/items/156206150?utm_source=pinterest&utm_medium=catalog&utm_campaign=diy,https://base-ec2.akamaized.net/images/item/origin/0494c9ef3d6c6a3e009c2a68835517ae.jpg,3500 JPY,in stock,new,Junshin -潤森-,Hardware > Building Materials > Lumber & Sheet Stock,DIY・クラフト材
base-156206195,棚板 カウンター材 無垢 一枚板｜クルミ オニグルミ 鬼胡桃 ウォールナット 998mm×190~203mm×33mm,クルミ オニグルミ 鬼胡桃 ウォールナットの一枚板 998mm×190~203mm×33mm。新潟の山から自社で伐採・製材・乾燥した天然木を直販。ご希望サイズへの1カット無料・厚み調整無料。写真の現物1点をお届けします。,https://junshin.base.ec/items/156206195?utm_source=pinterest&utm_medium=catalog&utm_campaign=shelf,https://base-ec2.akamaized.net/images/item/origin/d4f902843e3e29b4afc430c3e5979b0c.jpg,4900 JPY,in stock,new,Junshin -潤森-,Hardware > Building Materials > Lumber & Sheet Stock,棚板・カウンター材
base-156206236,棚板 カウンター材 無垢 一枚板｜クルミ オニグルミ 鬼胡桃 ウォールナット 997mm×195~200mm×20mm,クルミ オニグルミ 鬼胡桃 ウォールナットの一枚板 997mm×195~200mm×20mm。新潟の山から自社で伐採・製材・乾燥した天然木を直販。ご希望サイズへの1カット無料・厚み調整無料。写真の現物1点をお届けします。,https://junshin.base.ec/items/156206236?utm_source=pinterest&utm_medium=catalog&utm_campaign=shelf,https://base-ec2.akamaized.net/images/item/origin/f282e0dfb7df9f6e8cf6eea6724b3abf.jpg,3400 JPY,in stock,new,Junshin -潤森-,Hardware > Building Materials > Lumber & Sheet Stock,棚板・カウンター材
base-156206341,棚板 カウンター材 無垢 一枚板｜クルミ オニグルミ 鬼胡桃 ウォールナット 1000mm×200mm×29mm,クルミ オニグルミ 鬼胡桃 ウォールナットの一枚板 1000mm×200mm×29mm。新潟の山から自社で伐採・製材・乾燥した天然木を直販。ご希望サイズへの1カット無料・厚み調整無料。写真の現物1点をお届けします。,https://junshin.base.ec/items/156206341?utm_source=pinterest&utm_medium=catalog&utm_campaign=shelf,https://base-ec2.akamaized.net/images/item/origin/64aa19ca284610bf80f2dcde58b3d79f.jpg,4500 JPY,in stock,new,Junshin -潤森-,Hardware > Building Materials > Lumber & Sheet Stock,棚板・カウンター材
base-156206467,棚板 カウンター材 無垢 一枚板｜クルミ オニグルミ 鬼胡桃 ウォールナット 1000mm×220mm×29mm,クルミ オニグルミ 鬼胡桃 ウォールナットの一枚板 1000mm×220mm×29mm。新潟の山から自社で伐採・製材・乾燥した天然木を直販。ご希望サイズへの1カット無料・厚み調整無料。写真の現物1点をお届けします。,https://junshin.base.ec/items/156206467?utm_source=pinterest&utm_medium=catalog&utm_campaign=shelf,https://base-ec2.akamaized.net/images/item/origin/706a685b5b0dcec3ac51d70c0acf50a2.jpg,4500 JPY,in stock,new,Junshin -潤森-,Hardware > Building Materials > Lumber & Sheet Stock,棚板・カウンター材
base-156206510,棚板 カウンター材 無垢 一枚板｜クルミ オニグルミ 鬼胡桃 ウォールナット 1000mm×220mm×31mm,クルミ オニグルミ 鬼胡桃 ウォールナットの一枚板 1000mm×220mm×31mm。新潟の山から自社で伐採・製材・乾燥した天然木を直販。ご希望サイズへの1カット無料・厚み調整無料。写真の現物1点をお届けします。,https://junshin.base.ec/items/156206510?utm_source=pinterest&utm_medium=catalog&utm_campaign=shelf,https://base-ec2.akamaized.net/images/item/origin/005793bb3010f818f489fb1d9391a363.jpg,4900 JPY,in stock,new,Junshin -潤森-,Hardware > Building Materials > Lumber & Sheet Stock,棚板・カウンター材
base-156206557,棚板 カウンター材 無垢 一枚板｜クルミ オニグルミ 鬼胡桃 ウォールナット 896mm×180~190mm×22mm,クルミ オニグルミ 鬼胡桃 ウォールナットの一枚板 896mm×180~190mm×22mm。新潟の山から自社で伐採・製材・乾燥した天然木を直販。ご希望サイズへの1カット無料・厚み調整無料。写真の現物1点をお届けします。,https://junshin.base.ec/items/156206557?utm_source=pinterest&utm_medium=catalog&utm_campaign=shelf,https://base-ec2.akamaized.net/images/item/origin/feff508bbc594a8ce41bebb0d5531118.jpg,3300 JPY,in stock,new,Junshin -潤森-,Hardware > Building Materials > Lumber & Sheet Stock,棚板・カウンター材
base-156206627,棚板 カウンター材 無垢 一枚板｜クルミ オニグルミ 鬼胡桃 ウォールナット 998mm×197mm×31mm,クルミ オニグルミ 鬼胡桃 ウォールナットの一枚板 998mm×197mm×31mm。新潟の山から自社で伐採・製材・乾燥した天然木を直販。ご希望サイズへの1カット無料・厚み調整無料。写真の現物1点をお届けします。,https://junshin.base.ec/items/156206627?utm_source=pinterest&utm_medium=catalog&utm_campaign=shelf,https://base-ec2.akamaized.net/images/item/origin/e0aac42dfd55a0f8b982a133d422ce22.jpg,4600 JPY,in stock,new,Junshin -潤森-,Hardware > Building Materials > Lumber & Sheet Stock,棚板・カウンター材
base-156206688,棚板 カウンター材 無垢 一枚板｜クルミ オニグルミ 鬼胡桃 ウォールナット 950mm×196mm×32mm,クルミ オニグルミ 鬼胡桃 ウォールナットの一枚板 950mm×196mm×32mm。新潟の山から自社で伐採・製材・乾燥した天然木を直販。ご希望サイズへの1カット無料・厚み調整無料。写真の現物1点をお届けします。,https://junshin.base.ec/items/156206688?utm_source=pinterest&utm_medium=catalog&utm_campaign=shelf,https://base-ec2.akamaized.net/images/item/origin/e118850ac754cd3a1c6ab4e8106ac706.jpg,4400 JPY,in stock,new,Junshin -潤森-,Hardware > Building Materials > Lumber & Sheet Stock,棚板・カウンター材
base-156206765,棚板 カウンター材 無垢 一枚板｜クルミ オニグルミ 鬼胡桃 ウォールナット 900mm×197mm×31mm,クルミ オニグルミ 鬼胡桃 ウォールナットの一枚板 900mm×197mm×31mm。新潟の山から自社で伐採・製材・乾燥した天然木を直販。ご希望サイズへの1カット無料・厚み調整無料。写真の現物1点をお届けします。,https://junshin.base.ec/items/156206765?utm_source=pinterest&utm_medium=catalog&utm_campaign=shelf,https://base-ec2.akamaized.net/images/item/origin/83cb0dbe0614a97a423ec404d6c13f80.jpg,4200 JPY,in stock,new,Junshin -潤森-,Hardware > Building Materials > Lumber & Sheet Stock,棚板・カウンター材
base-156206834,棚板 カウンター材 無垢 一枚板｜クルミ オニグルミ 鬼胡桃 ウォールナット 900mm×224mm×28mm,クルミ オニグルミ 鬼胡桃 ウォールナットの一枚板 900mm×224mm×28mm。新潟の山から自社で伐採・製材・乾燥した天然木を直販。ご希望サイズへの1カット無料・厚み調整無料。写真の現物1点をお届けします。,https://junshin.base.ec/items/156206834?utm_source=pinterest&utm_medium=catalog&utm_campaign=shelf,https://base-ec2.akamaized.net/images/item/origin/2fde5d5ad2b2fc78be20219b40845f21.jpg,4000 JPY,in stock,new,Junshin -潤森-,Hardware > Building Materials > Lumber & Sheet Stock,棚板・カウンター材
base-156207008,まな板 木製 一枚板｜サクラ ヤマザクラ 山桜 チェリー 600mm×210~220mm×30mm,サクラ ヤマザクラ 山桜 チェリーの一枚板 600mm×210~220mm×30mm。新潟の山から自社で伐採・製材・乾燥した天然木を直販。ご希望サイズへの1カット無料・厚み調整無料。写真の現物1点をお届けします。,https://junshin.base.ec/items/156207008?utm_source=pinterest&utm_medium=catalog&utm_campaign=manaita,https://base-ec2.akamaized.net/images/item/origin/0991eebf0e2382c17409d0cf201a5109.jpg,3300 JPY,in stock,new,Junshin -潤森-,Hardware > Building Materials > Lumber & Sheet Stock,まな板材
base-156207097,棚板 カウンター材 無垢 一枚板｜サクラ ヤマザクラ 山桜 チェリー 1200mm×233mm×27mm,サクラ ヤマザクラ 山桜 チェリーの一枚板 1200mm×233mm×27mm。新潟の山から自社で伐採・製材・乾燥した天然木を直販。ご希望サイズへの1カット無料・厚み調整無料。写真の現物1点をお届けします。,https://junshin.base.ec/items/156207097?utm_source=pinterest&utm_medium=catalog&utm_campaign=shelf,https://base-ec2.akamaized.net/images/item/origin/aa5dfd8613af5f90a88761a255ec7061.jpg,5400 JPY,in stock,new,Junshin -潤森-,Hardware > Building Materials > Lumber & Sheet Stock,棚板・カウンター材
base-156207184,棚板 カウンター材 無垢 一枚板｜サクラ ヤマザクラ 山桜 チェリー 1100mm×210~255mm×24mm,サクラ ヤマザクラ 山桜 チェリーの一枚板 1100mm×210~255mm×24mm。新潟の山から自社で伐採・製材・乾燥した天然木を直販。ご希望サイズへの1カット無料・厚み調整無料。写真の現物1点をお届けします。,https://junshin.base.ec/items/156207184?utm_source=pinterest&utm_medium=catalog&utm_campaign=shelf,https://base-ec2.akamaized.net/images/item/origin/100220726e2916dc37464bdb812ce1ec.jpg,4700 JPY,in stock,new,Junshin -潤森-,Hardware > Building Materials > Lumber & Sheet Stock,棚板・カウンター材
base-156207236,棚板 カウンター材 無垢 一枚板｜サクラ ヤマザクラ 山桜 チェリー 900mm×237~250mm×32mm,サクラ ヤマザクラ 山桜 チェリーの一枚板 900mm×237~250mm×32mm。新潟の山から自社で伐採・製材・乾燥した天然木を直販。ご希望サイズへの1カット無料・厚み調整無料。写真の現物1点をお届けします。,https://junshin.base.ec/items/156207236?utm_source=pinterest&utm_medium=catalog&utm_campaign=shelf,https://base-ec2.akamaized.net/images/item/origin/a4ce5bbdd776dc414d91643034b58c68.jpg,4800 JPY,in stock,new,Junshin -潤森-,Hardware > Building Materials > Lumber & Sheet Stock,棚板・カウンター材
base-156207286,棚板 カウンター材 無垢 一枚板｜サクラ ヤマザクラ 山桜 チェリー 1000mm×207~215mm×29mm,サクラ ヤマザクラ 山桜 チェリーの一枚板 1000mm×207~215mm×29mm。新潟の山から自社で伐採・製材・乾燥した天然木を直販。ご希望サイズへの1カット無料・厚み調整無料。写真の現物1点をお届けします。,https://junshin.base.ec/items/156207286?utm_source=pinterest&utm_medium=catalog&utm_campaign=shelf,https://base-ec2.akamaized.net/images/item/origin/29a7024f08755782a52ecb9b0e958ea7.jpg,4500 JPY,in stock,new,Junshin -潤森-,Hardware > Building Materials > Lumber & Sheet Stock,棚板・カウンター材
base-156427990,棚板 カウンター材 無垢 一枚板｜クルミ オニグルミ 鬼胡桃 ウォールナット 1000mm×175~195mm×31mm,クルミ オニグルミ 鬼胡桃 ウォールナットの一枚板 1000mm×175~195mm×31mm。新潟の山から自社で伐採・製材・乾燥した天然木を直販。ご希望サイズへの1カット無料・厚み調整無料。写真の現物1点をお届けします。,https://junshin.base.ec/items/156427990?utm_source=pinterest&utm_medium=catalog&utm_campaign=shelf,https://base-ec2.akamaized.net/images/item/origin/5209e7843733638c56186182771bacbd.jpg,3980 JPY,in stock,new,Junshin -潤森-,Hardware > Building Materials > Lumber & Sheet Stock,棚板・カウンター材
base-156428038,まな板 木製 一枚板｜クルミ オニグルミ 鬼胡桃 ウォールナット 600mm×195mm×29mm,クルミ オニグルミ 鬼胡桃 ウォールナットの一枚板 600mm×195mm×29mm。新潟の山から自社で伐採・製材・乾燥した天然木を直販。ご希望サイズへの1カット無料・厚み調整無料。写真の現物1点をお届けします。,https://junshin.base.ec/items/156428038?utm_source=pinterest&utm_medium=catalog&utm_campaign=manaita,https://base-ec2.akamaized.net/images/item/origin/8c7a77dbd808a37ecbf9ccd94eda3130.jpg,3500 JPY,in stock,new,Junshin -潤森-,Hardware > Building Materials > Lumber & Sheet Stock,まな板材
base-156428091,DIY 木材 無垢 クラフト材｜クルミ オニグルミ 鬼胡桃 ウォールナット 700mm×185~200mm×35mm,クルミ オニグルミ 鬼胡桃 ウォールナットの一枚板 700mm×185~200mm×35mm。新潟の山から自社で伐採・製材・乾燥した天然木を直販。ご希望サイズへの1カット無料・厚み調整無料。写真の現物1点をお届けします。,https://junshin.base.ec/items/156428091?utm_source=pinterest&utm_medium=catalog&utm_campaign=diy,https://base-ec2.akamaized.net/images/item/origin/efa9ab41039e010dc384fb9f3f7ce17a.jpg,4500 JPY,in stock,new,Junshin -潤森-,Hardware > Building Materials > Lumber & Sheet Stock,DIY・クラフト材
base-156428137,棚板 カウンター材 無垢 一枚板｜クルミ オニグルミ 鬼胡桃 ウォールナット 900mm×160~200mm×29mm,クルミ オニグルミ 鬼胡桃 ウォールナットの一枚板 900mm×160~200mm×29mm。新潟の山から自社で伐採・製材・乾燥した天然木を直販。ご希望サイズへの1カット無料・厚み調整無料。写真の現物1点をお届けします。,https://junshin.base.ec/items/156428137?utm_source=pinterest&utm_medium=catalog&utm_campaign=shelf,https://base-ec2.akamaized.net/images/item/origin/ad3bc3dfc5a0f2093c7665c89b696130.jpg,4600 JPY,in stock,new,Junshin -潤森-,Hardware > Building Materials > Lumber & Sheet Stock,棚板・カウンター材
base-156428184,一枚板 テーブル天板 無垢材｜クルミ オニグルミ 鬼胡桃 ウォールナット 1000mm×398mm×50mm,クルミ オニグルミ 鬼胡桃 ウォールナットの一枚板 1000mm×398mm×50mm。新潟の山から自社で伐採・製材・乾燥した天然木を直販。ご希望サイズへの1カット無料・厚み調整無料。写真の現物1点をお届けします。,https://junshin.base.ec/items/156428184?utm_source=pinterest&utm_medium=catalog&utm_campaign=table,https://base-ec2.akamaized.net/images/item/origin/6c385670eb9b69b1be3d0684778cca46.jpg,16300 JPY,in stock,new,Junshin -潤森-,Hardware > Building Materials > Lumber & Sheet Stock,一枚板テーブル天板
base-156428232,一枚板 テーブル天板 無垢材｜クルミ オニグルミ 鬼胡桃 ウォールナット 845mm×398mm×53mm,クルミ オニグルミ 鬼胡桃 ウォールナットの一枚板 845mm×398mm×53mm。新潟の山から自社で伐採・製材・乾燥した天然木を直販。ご希望サイズへの1カット無料・厚み調整無料。写真の現物1点をお届けします。,https://junshin.base.ec/items/156428232?utm_source=pinterest&utm_medium=catalog&utm_campaign=table,https://base-ec2.akamaized.net/images/item/origin/b47c360453b9f04ebfc3100072d37122.jpg,14600 JPY,in stock,new,Junshin -潤森-,Hardware > Building Materials > Lumber & Sheet Stock,一枚板テーブル天板
base-156428297,一枚板 テーブル天板 無垢材｜イチョウ 銀杏 900mm×475mm×43mm,イチョウ 銀杏の一枚板 900mm×475mm×43mm。新潟の山から自社で伐採・製材・乾燥した天然木を直販。ご希望サイズへの1カット無料・厚み調整無料。写真の現物1点をお届けします。,https://junshin.base.ec/items/156428297?utm_source=pinterest&utm_medium=catalog&utm_campaign=table,https://base-ec2.akamaized.net/images/item/origin/5c94031c0fff3347e8e6dd07b3bff255.jpg,12100 JPY,in stock,new,Junshin -潤森-,Hardware > Building Materials > Lumber & Sheet Stock,一枚板テーブル天板
base-156428341,一枚板 テーブル天板 無垢材｜イチョウ 銀杏 1000mm×472mm×44mm,イチョウ 銀杏の一枚板 1000mm×472mm×44mm。新潟の山から自社で伐採・製材・乾燥した天然木を直販。ご希望サイズへの1カット無料・厚み調整無料。写真の現物1点をお届けします。,https://junshin.base.ec/items/156428341?utm_source=pinterest&utm_medium=catalog&utm_campaign=table,https://base-ec2.akamaized.net/images/item/origin/36b148a1f85c11d54a5c14556f508a9e.jpg,13400 JPY,in stock,new,Junshin -潤森-,Hardware > Building Materials > Lumber & Sheet Stock,一枚板テーブル天板
base-156428394,一枚板 テーブル天板 無垢材｜イチョウ 銀杏 1000mm×470mm×45mm,イチョウ 銀杏の一枚板 1000mm×470mm×45mm。新潟の山から自社で伐採・製材・乾燥した天然木を直販。ご希望サイズへの1カット無料・厚み調整無料。写真の現物1点をお届けします。,https://junshin.base.ec/items/156428394?utm_source=pinterest&utm_medium=catalog&utm_campaign=table,https://base-ec2.akamaized.net/images/item/origin/0f6c07d0155eb508c36d67fb1a1209ea.jpg,13600 JPY,in stock,new,Junshin -潤森-,Hardware > Building Materials > Lumber & Sheet Stock,一枚板テーブル天板
base-156428433,一枚板 テーブル天板 無垢材｜イチョウ 銀杏 850mm×473mm×47mm,イチョウ 銀杏の一枚板 850mm×473mm×47mm。新潟の山から自社で伐採・製材・乾燥した天然木を直販。ご希望サイズへの1カット無料・厚み調整無料。写真の現物1点をお届けします。,https://junshin.base.ec/items/156428433?utm_source=pinterest&utm_medium=catalog&utm_campaign=table,https://base-ec2.akamaized.net/images/item/origin/678207c787c998048e40dbc8a56b414f.jpg,12200 JPY,in stock,new,Junshin -潤森-,Hardware > Building Materials > Lumber & Sheet Stock,一枚板テーブル天板
base-156428490,一枚板 テーブル天板 無垢材｜イチョウ 銀杏 1850mm×465~470mm×45mm,イチョウ 銀杏の一枚板 1850mm×465~470mm×45mm。新潟の山から自社で伐採・製材・乾燥した天然木を直販。ご希望サイズへの1カット無料・厚み調整無料。写真の現物1点をお届けします。,https://junshin.base.ec/items/156428490?utm_source=pinterest&utm_medium=catalog&utm_campaign=table,https://base-ec2.akamaized.net/images/item/origin/f770a84e031b7c7d50d1dc081406d6ef.jpg,32500 JPY,in stock,new,Junshin -潤森-,Hardware > Building Materials > Lumber & Sheet Stock,一枚板テーブル天板
base-156428527,一枚板 テーブル天板 無垢材｜サクラ ヤマザクラ 山桜 チェリー 845mm×257~340mm×45mm,サクラ ヤマザクラ 山桜 チェリーの一枚板 845mm×257~340mm×45mm。新潟の山から自社で伐採・製材・乾燥した天然木を直販。ご希望サイズへの1カット無料・厚み調整無料。写真の現物1点をお届けします。,https://junshin.base.ec/items/156428527?utm_source=pinterest&utm_medium=catalog&utm_campaign=table,https://base-ec2.akamaized.net/images/item/origin/73c05fb40e17e076b58004cac9c61eef.jpg,9000 JPY,in stock,new,Junshin -潤森-,Hardware > Building Materials > Lumber & Sheet Stock,一枚板テーブル天板
base-156428563,棚板 カウンター材 無垢 一枚板｜サクラ ヤマザクラ 山桜 チェリー 1450mm×165~180mm×29mm,サクラ ヤマザクラ 山桜 チェリーの一枚板 1450mm×165~180mm×29mm。新潟の山から自社で伐採・製材・乾燥した天然木を直販。ご希望サイズへの1カット無料・厚み調整無料。写真の現物1点をお届けします。,https://junshin.base.ec/items/156428563?utm_source=pinterest&utm_medium=catalog&utm_campaign=shelf,https://base-ec2.akamaized.net/images/item/origin/a91cb3d65be8f65bd8c5d350471c990c.jpg,7700 JPY,in stock,new,Junshin -潤森-,Hardware > Building Materials > Lumber & Sheet Stock,棚板・カウンター材
base-156428598,DIY 木材 無垢 クラフト材｜サクラ ヤマザクラ 山桜 チェリー 620mm×140~155mm×24mm,サクラ ヤマザクラ 山桜 チェリーの一枚板 620mm×140~155mm×24mm。新潟の山から自社で伐採・製材・乾燥した天然木を直販。ご希望サイズへの1カット無料・厚み調整無料。写真の現物1点をお届けします。,https://junshin.base.ec/items/156428598?utm_source=pinterest&utm_medium=catalog&utm_campaign=diy,https://base-ec2.akamaized.net/images/item/origin/9a5f98632d5189b188e8a293e3672bb8.jpg,2800 JPY,in stock,new,Junshin -潤森-,Hardware > Building Materials > Lumber & Sheet Stock,DIY・クラフト材
base-156428622,まな板 木製 一枚板｜サクラ ヤマザクラ 山桜 チェリー 600mm×340mm×43mm,サクラ ヤマザクラ 山桜 チェリーの一枚板 600mm×340mm×43mm。新潟の山から自社で伐採・製材・乾燥した天然木を直販。ご希望サイズへの1カット無料・厚み調整無料。写真の現物1点をお届けします。,https://junshin.base.ec/items/156428622?utm_source=pinterest&utm_medium=catalog&utm_campaign=manaita,https://base-ec2.akamaized.net/images/item/origin/5648cbe2a9040b32837f4451a6dba30c.jpg,6800 JPY,in stock,new,Junshin -潤森-,Hardware > Building Materials > Lumber & Sheet Stock,まな板材
base-156428658,DIY 木材 無垢 クラフト材｜サクラ ヤマザクラ 山桜 チェリー 700mm×402~408mm×50mm,サクラ ヤマザクラ 山桜 チェリーの一枚板 700mm×402~408mm×50mm。新潟の山から自社で伐採・製材・乾燥した天然木を直販。ご希望サイズへの1カット無料・厚み調整無料。写真の現物1点をお届けします。,https://junshin.base.ec/items/156428658?utm_source=pinterest&utm_medium=catalog&utm_campaign=diy,https://base-ec2.akamaized.net/images/item/origin/9865d7d94e1ff6472984de206405f8ab.jpg,7400 JPY,in stock,new,Junshin -潤森-,Hardware > Building Materials > Lumber & Sheet Stock,DIY・クラフト材
base-156428704,一枚板 テーブル天板 無垢材｜サクラ ヤマザクラ 山桜 チェリー 900mm×400~410mm×51mm,サクラ ヤマザクラ 山桜 チェリーの一枚板 900mm×400~410mm×51mm。新潟の山から自社で伐採・製材・乾燥した天然木を直販。ご希望サイズへの1カット無料・厚み調整無料。写真の現物1点をお届けします。,https://junshin.base.ec/items/156428704?utm_source=pinterest&utm_medium=catalog&utm_campaign=table,https://base-ec2.akamaized.net/images/item/origin/99b359db861b6d75e3397c94fb95a8ef.jpg,12900 JPY,in stock,new,Junshin -潤森-,Hardware > Building Materials > Lumber & Sheet Stock,一枚板テーブル天板
base-156428730,一枚板 テーブル天板 無垢材｜サクラ ヤマザクラ 山桜 チェリー 1600mm×400~410mm×51mm,サクラ ヤマザクラ 山桜 チェリーの一枚板 1600mm×400~410mm×51mm。新潟の山から自社で伐採・製材・乾燥した天然木を直販。ご希望サイズへの1カット無料・厚み調整無料。写真の現物1点をお届けします。,https://junshin.base.ec/items/156428730?utm_source=pinterest&utm_medium=catalog&utm_campaign=table,https://base-ec2.akamaized.net/images/item/origin/9a1c162a538aa9ad40234cffd07a8ee6.jpg,27800 JPY,in stock,new,Junshin -潤森-,Hardware > Building Materials > Lumber & Sheet Stock,一枚板テーブル天板
base-156428750,一枚板 テーブル天板 無垢材｜サクラ ヤマザクラ 山桜 チェリー 1396mm×380~410mm×44mm,サクラ ヤマザクラ 山桜 チェリーの一枚板 1396mm×380~410mm×44mm。新潟の山から自社で伐採・製材・乾燥した天然木を直販。ご希望サイズへの1カット無料・厚み調整無料。写真の現物1点をお届けします。,https://junshin.base.ec/items/156428750?utm_source=pinterest&utm_medium=catalog&utm_campaign=table,https://base-ec2.akamaized.net/images/item/origin/4f928066ba08313006fc3cc448390e71.jpg,18300 JPY,in stock,new,Junshin -潤森-,Hardware > Building Materials > Lumber & Sheet Stock,一枚板テーブル天板
